"Path","Lines","Review","Depth","Area","RelatedReport","SHA256"
"Docs/Benchmarks/recompute.py","79","New validation script review","Script body and result/provenance contract review; only two Python validators executed","Validation runners and measurement provenance","R13;Section 3;Section 4","84fc0b683dc1907ea9337fa26e2f2a25d23673dbda4f834bd478a3670bc2bf22"
"Plugins/ProjectJExperiments/Shaders/ValueCompute.usf","16","New plugin source review","Full plugin source/shader body review; not executed this pass","Opt-in editor experiments","Section 3;Section 4","89d800af8e7a6a825edce66b68df99998ee3a34b27fee403b3f782b00d36c7b0"
"Plugins/ProjectJExperiments/Source/ProjectJExperiments/Private/AnimationMigrationTests.cpp","168","New plugin source review","Full plugin source/shader body review; not executed this pass","Authoring migration","R14","bdf5dc7f4e124afcff2ac9418f286ba739efe0a2f7d9c9b14be36372eb107e63"
"Plugins/ProjectJExperiments/Source/ProjectJExperiments/Private/AudioTests.cpp","138","New plugin source review","Full plugin source/shader body review; not executed this pass","Opt-in editor experiments","Section 3;Section 4","000c54596adfc1590e5b27e8924de9b0c0dd934dd473312ae44bbea7dd95edd0"
"Plugins/ProjectJExperiments/Source/ProjectJExperiments/Private/ExperimentOutput.h","19","New plugin source review","Full plugin source/shader body review; not executed this pass","Opt-in editor experiments","Section 3;Section 4","30d62c14238278a32acf68d90d3a8e63c0abf635e8b86fb688c315f321dd6c14"
"Plugins/ProjectJExperiments/Source/ProjectJExperiments/Private/GpuTests.cpp","153","New plugin source review","Full plugin source/shader body review; not executed this pass","Opt-in editor experiments","Section 3;Section 4","cd5dcf49c927efeba964931e581b4f439c80cb7ebed5fce0fa27e3d473b6c567"
"Plugins/ProjectJExperiments/Source/ProjectJExperiments/Private/PcgTests.cpp","117","New plugin source review","Full plugin source/shader body review; not executed this pass","Opt-in editor experiments","Section 3;Section 4","8f00174b9491b4b2adc7fbbd1f980d1851e554f706addf56eb149327f95cc321"
"Plugins/ProjectJExperiments/Source/ProjectJExperiments/Private/PhysicsTests.cpp","100","New plugin source review","Full plugin source/shader body review; not executed this pass","Opt-in editor experiments","Section 3;Section 4","6d8a39a93ad3e2f1837c8e2322fc7c2ae2d204059d75d9d59c182edbc8648793"
"Plugins/ProjectJExperiments/Source/ProjectJExperiments/Private/PresentationAudit.cpp","74","New plugin source review","Full plugin source/shader body review; not executed this pass","Opt-in editor experiments","Section 3;Section 4","95581a7305e7fe61c8ea8ae3a392a5aa9cd2804ab98440b2930f9feb17b85332"
"Plugins/ProjectJExperiments/Source/ProjectJExperiments/Private/ProjectJExperimentsModule.cpp","16","New plugin source review","Full plugin source/shader body review; not executed this pass","Opt-in editor experiments","Section 3;Section 4","e4955a406323f40131ab59595afdb856e1f82000e1ac65a5a1e0f84317c3712c"
"Plugins/ProjectJExperiments/Source/ProjectJExperiments/Private/ProjectJPresentationMigrationCommandlet.h","12","New plugin source review","Full plugin source/shader body review; not executed this pass","Authoring migration","R14","afbf4e2436ef1cc0395b53785d9426c9de6e4ce59fc300ee9503ef4632132c89"
"Plugins/ProjectJExperiments/Source/ProjectJExperiments/Private/SchedulingTests.cpp","260","New plugin source review","Full plugin source/shader body review; not executed this pass","Opt-in editor experiments","Section 3;Section 4","f6f7b8b84fde8f8900e036c08d63fdc2b68e55e447f462f1ea2f73ab17191fe2"
"Plugins/ProjectJExperiments/Source/ProjectJExperiments/Private/TickTests.cpp","136","New plugin source review","Full plugin source/shader body review; not executed this pass","Opt-in editor experiments","Section 3;Section 4","6b51c63dd803fe809256829ed7c39bb9e9c5aaa04ba35f213b1c88f16883586a"
"Plugins/ProjectJExperiments/Source/ProjectJExperiments/ProjectJExperiments.Build.cs","14","New plugin source review","Full plugin source/shader body review; not executed this pass","Opt-in editor experiments","Section 3;Section 4","342867a7dab2b5810d25ac15161f5917e386033d4fb3aac53012d2224f155fa7"
"Scripts/Validation/Build-Experiments.ps1","12","New validation script review","Script body and result/provenance contract review; only two Python validators executed","Validation runners and measurement provenance","R13;Section 3;Section 4","68cf979bb642c72fd3cb71689dcb6a433ebee011a5af2adef9d6cb032e43ab27"
"Scripts/Validation/Compare-DStage.ps1","73","New validation script review","Script body and result/provenance contract review; only two Python validators executed","Validation runners and measurement provenance","R13;Section 3;Section 4","dfb058abc528c60e5b5afde7878c2d12173ac20a081342a28819e68f031c1603"
"Scripts/Validation/Compare-Navigation.ps1","73","New validation script review","Script body and result/provenance contract review; only two Python validators executed","Validation runners and measurement provenance","R13;Section 3;Section 4","89552ea0b8dba3cfa4ae735bc40538bf66b5512c8fbe8048a51f4b73a50737b2"
"Scripts/Validation/Export-CrowdE.ps1","23","New validation script review","Script body and result/provenance contract review; only two Python validators executed","Validation runners and measurement provenance","R13;Section 3;Section 4","233566db19ab50bb1df16442ca317d08f48c304409ffe8548a7247d2dd9356a9"
"Scripts/Validation/Export-DTrace.ps1","34","New validation script review","Script body and result/provenance contract review; only two Python validators executed","Validation runners and measurement provenance","R13;Section 3;Section 4","092bc57a097b9c8a914e9c52a0fef720886aca1f86b76f15f74226835b8551ca"
"Scripts/Validation/Export-Experiments.ps1","20","New validation script review","Script body and result/provenance contract review; only two Python validators executed","Validation runners and measurement provenance","R13;Section 3;Section 4","3d17adecb294077727df7eac2a41cb53177ec4ceb22f92c8382ac89ebd5d601a"
"Scripts/Validation/Measure-CookedCombat.ps1","28","New validation script review","Script body and result/provenance contract review; only two Python validators executed","Validation runners and measurement provenance","R13;Section 3;Section 4","7273643e6acf49b9aefff05300caa2a27a928d73d2beccfaeac1c179c37f8077"
"Scripts/Validation/Measure-CookedEffects.ps1","37","New validation script review","Script body and result/provenance contract review; only two Python validators executed","Validation runners and measurement provenance","R13;Section 3;Section 4","2953748390d027c2aa39fd2ffa419d16ca48d5560ffce500182d2d7f894da7d9"
"Scripts/Validation/Measure-CrowdE.ps1","34","New validation script review","Script body and result/provenance contract review; only two Python validators executed","Validation runners and measurement provenance","R13;Section 3;Section 4","dc91a2cd9e9a5d871cdd6c0227d0b3648bf99c96e68ba970a92e12f783666649"
"Scripts/Validation/Measure-Experiments.ps1","32","New validation script review","Script body and result/provenance contract review; only two Python validators executed","Validation runners and measurement provenance","R13;Section 3;Section 4","85cb1de4760628d8125d432d96933fc053d40b95b15750dd01e09c1d69d8f9f1"
"Scripts/Validation/Measure-Mass.ps1","36","New validation script review","Script body and result/provenance contract review; only two Python validators executed","Validation runners and measurement provenance","R13;Section 3;Section 4","cc917fe6f2b38fd82410b4a7d78be5aaea92f12f549a55ede6e42b063e67677c"
"Scripts/Validation/Measure-Navigation.ps1","80","New validation script review","Script body and result/provenance contract review; only two Python validators executed","Validation runners and measurement provenance","R13;Section 3;Section 4","f5a938affdaa13b1db2c004701077467dbfbc0c12ab8e69d76d32737a5170d4d"
"Scripts/Validation/Measure-Network.ps1","73","New validation script review","Script body and result/provenance contract review; only two Python validators executed","Validation runners and measurement provenance","R13;Section 3;Section 4","54be481093510f46fb3c553136eeb47133682f7ced3a97cdfe030db8355d4e74"
"Scripts/Validation/Measure-PresentationE.ps1","50","New validation script review","Script body and result/provenance contract review; only two Python validators executed","Validation runners and measurement provenance","R13;Section 3;Section 4","e87fb56a3c67a1e14172f4d653e0dfe1e65cbff2f27cf04a9cba6117e19ffbe0"
"Scripts/Validation/Summarize-Experiments.py","82","New validation script review","Script body and result/provenance contract review; only two Python validators executed","Validation runners and measurement provenance","R13;Section 3;Section 4","48300f16638a784bb47d8a02a858eb9438460399a91851e4725e396dd0ab17fd"
"Scripts/Validation/Summarize-Navigation.ps1","39","New validation script review","Script body and result/provenance contract review; only two Python validators executed","Validation runners and measurement provenance","R13;Section 3;Section 4","27fc655d523266ba6e397ff418b74dfc63edd212417555c6cf4bd1c7f4e1df3b"
"Scripts/Validation/Validate-MMOArchitecture.py","81","New validation script review","Script body and result/provenance contract review; only two Python validators executed","Validation runners and measurement provenance","R13;Section 3;Section 4","562d3edb23c7fa58af465cd3fb3edb9c6aa6323df2f8b37c5505171cefe0ec3d"
"Source/Project_J.Target.cs","15","New source review","Implementation/header/build body and connected runtime contract review","Module/interface/shared contracts","Section 3","817528075c26779561f7a4b6a124631fc1fef251965a0613c72fdac7d66be57a"
"Source/Project_J/Backend/Project_JBackendConnection.h","107","New source review","Implementation/header/build body and connected runtime contract review","Gateway and handover","R05;R06","4b2335bc2710a05bdd111b8f80bb5f73d2cf819f9198388c70af0da7b22b3c96"
"Source/Project_J/Backend/Project_JGatewaySubsystem.cpp","310","New source review","Implementation/header/build body and connected runtime contract review","Gateway and handover","R05;R06","7aa117f5bd12b6f39a9a92cd15428db2de6a602b46c701ffe50b82ddd1302e8a"
"Source/Project_J/Backend/Project_JGatewaySubsystem.h","84","New source review","Implementation/header/build body and connected runtime contract review","Gateway and handover","R05;R06","7d1867eacbda9dd875a1076491432dd39dc358f5e41b060579be9b79383f60d2"
"Source/Project_J/Backend/Project_JHandoverManager.cpp","555","New source review","Implementation/header/build body and connected runtime contract review","Gateway and handover","R05;R06","550ca65f1a2530caebe9fcfb6431082b9c5a06fd5fe62a411219d03d6f94b9c4"
"Source/Project_J/Backend/Project_JHandoverManager.h","203","New source review","Implementation/header/build body and connected runtime contract review","Gateway and handover","R05;R06","ef23071dfd91f81880131ee0f77f2939442a2d19870c4c54e6cdfa7e59cf0aeb"
"Source/Project_J/Backend/Project_JHandoverTransport.cpp","75","New source review","Implementation/header/build body and connected runtime contract review","Gateway and handover","R05;R06","791c8a9dd8c85785451a30c65b2e341599e12b781bca2459644c8ac4cecb557e"
"Source/Project_J/Backend/Project_JHandoverTransport.h","94","New source review","Implementation/header/build body and connected runtime contract review","Gateway and handover","R05;R06","4c46cc9088aa69ddb272f9a74b18564443952277eefc75788c2227185228234d"
"Source/Project_J/Game/Project_JGameMode.cpp","56","New source review","Implementation/header/build body and connected runtime contract review","Social and identity","R07","a7a2f77c3796cf42758d683159563d567af1063068c114f9521bf585265982d9"
"Source/Project_J/Game/Project_JGameMode.h","34","New source review","Implementation/header/build body and connected runtime contract review","Social and identity","R07","e86acd9b92e5146219052b157779161df496ddf8a672519b9ef590a6efd3823b"
"Source/Project_J/Game/Project_JGameState.cpp","47","New source review","Implementation/header/build body and connected runtime contract review","Module/interface/shared contracts","Section 3","5a98203ef91390117ae73de0faf7911198a02bdc866357115c2d035d77669dc9"
"Source/Project_J/Game/Project_JGameState.h","42","New source review","Implementation/header/build body and connected runtime contract review","Module/interface/shared contracts","Section 3","52320700fe9d97b0c648af4c9143739a574d5acf8df5908215cb511d57da84a9"
"Source/Project_J/Game/Project_JNetworkDiagnostics.cpp","211","New diagnostic/test review","Names/assertions/guards contract review; targeted fixture/lifecycle body review; not every test line","Module/interface/shared contracts","Section 3","ed0229312f7b63358e3e837649d3c73ff18b53f66897d1f45cebd04577685902"
"Source/Project_J/Game/Project_JPlayerController.cpp","696","New source review","Implementation/header/build body and connected runtime contract review","LocalPlayer input and UI","R08","7a1ccb5b3f8b502a30b9a4f98a80684adda9c1a9a9eca126f543ad7826b1523a"
"Source/Project_J/Game/Project_JPlayerController.h","140","New source review","Implementation/header/build body and connected runtime contract review","LocalPlayer input and UI","R08","0aa9921762adb3f8cdaa995b7ff5c326d5b5fb5829be308d82ad1ab0098e7fa5"
"Source/Project_J/Game/Project_JPlayerState.cpp","173","Prior detailed area","Prior audit scope inherited; not re-read in full this pass","Module/interface/shared contracts","Prior Character Architecture Maturity Audit","d0279aa3f84a99046ce4e235cdb11a9ff821d18d70b3254bdf6b509971731ae4"
"Source/Project_J/Game/Project_JPlayerState.h","129","Prior detailed area","Prior audit scope inherited; not re-read in full this pass","Module/interface/shared contracts","Prior Character Architecture Maturity Audit","b98963b12f5d8d6951afb4fb86bdc82f8350618d44fd294564ebea034090ab75"
"Source/Project_J/Game/Project_JProfilingCrowdComponent.cpp","242","New diagnostic/test review","Names/assertions/guards contract review; targeted fixture/lifecycle body review; not every test line","Module/interface/shared contracts","Section 3","f16bf535ffc2e2b9d817b8b4e4214b448f62d6aeeab39f99f5845cb42460f84d"
"Source/Project_J/Game/Project_JProfilingCrowdComponent.h","54","New diagnostic/test review","Names/assertions/guards contract review; targeted fixture/lifecycle body review; not every test line","Module/interface/shared contracts","Section 3","d89f7b64fdd2a50cc34cdbfc1def2eda3dc90d5b1e432b6773fcc92076942166"
"Source/Project_J/MMO/Project_JMMOFoundationSubsystem.cpp","19","New source review","Implementation/header/build body and connected runtime contract review","Module/interface/shared contracts","Section 3","8953743e271b2b8735e9dc70f1f423077677b38d36d5f5c82705bfd1a56a8591"
"Source/Project_J/MMO/Project_JMMOFoundationSubsystem.h","21","New source review","Implementation/header/build body and connected runtime contract review","Module/interface/shared contracts","Section 3","8aa14f711116e80ef84e3fc6cce2aae14f3eb1f6273d7fc821a003a5f4f4d54b"
"Source/Project_J/Private/Tests/Project_JGatewayAdmissionTests.cpp","39","New diagnostic/test review","Names/assertions/guards contract review; targeted fixture/lifecycle body review; not every test line","Module/interface/shared contracts","Section 3","3529cc013508886d4ea6c651656c6fb73fcf4d8981e5f618ff6a373e5b1562b5"
"Source/Project_J/Private/Tests/Project_JHandoverTestReceiver.h","19","New diagnostic/test review","Names/assertions/guards contract review; targeted fixture/lifecycle body review; not every test line","Module/interface/shared contracts","Section 3","dcc42e7c0c33e8d550bf808f990d0bd898579296081eea8eee30a4fd9abd6ac1"
"Source/Project_J/Private/Tests/Project_JHandoverTests.cpp","435","New diagnostic/test review","Names/assertions/guards contract review; targeted fixture/lifecycle body review; not every test line","Module/interface/shared contracts","Section 3","487275b8d9a00e5cf8cd6e900ea3aa40acd350dd4f779ce6751efbea2a58b44f"
"Source/Project_J/Private/Tests/Project_JProgressionAvatarTests.cpp","81","New diagnostic/test review","Names/assertions/guards contract review; targeted fixture/lifecycle body review; not every test line","Module/interface/shared contracts","Section 3","5c8181cfbbc61bb36696cabbbf093d586d71aa76f6901d976435b60d56eae61a"
"Source/Project_J/Project_J.Build.cs","57","New source review","Implementation/header/build body and connected runtime contract review","Module/interface/shared contracts","Section 3","6650f95dc97b268748676da5dddbe55af7d01887f209cb7a8bc3b1fd360cf99b"
"Source/Project_J/Project_J.cpp","8","New source review","Implementation/header/build body and connected runtime contract review","Module/interface/shared contracts","Section 3","725ffc5bd8f43daeea11a0af2c02d198b827c759f43c8576f704998d86ebde41"
"Source/Project_J/Project_J.h","8","New source review","Implementation/header/build body and connected runtime contract review","Module/interface/shared contracts","Section 3","f281379cc4ef5540f7d40de7e13d1dec76848da20911f8cf7aa0c8658ae4431c"
"Source/Project_J/Project_JLogger.cpp","3","New source review","Implementation/header/build body and connected runtime contract review","Module/interface/shared contracts","Section 3","14acbab74902ae144430ab907cd7f7a3d3295a497ff87138e5a0549286345884"
"Source/Project_J/Project_JLogger.h","36","New source review","Implementation/header/build body and connected runtime contract review","Module/interface/shared contracts","Section 3","a6f26f841675f74616dad6b8fedc29d04db3faab8175bdd15ebdd873ecf64be5"
"Source/Project_J/Rendering/Project_JDistortionPSOPrecache.cpp","109","New source review","Implementation/header/build body and connected runtime contract review","PSO and startup warmup","Section 3;Section 4","687cde595d21b52dea841072d9d899bd05470a196f76418a586fa59deb951e7f"
"Source/Project_J/Rendering/Project_JRenderingWarmupSubsystem.cpp","36","New source review","Implementation/header/build body and connected runtime contract review","PSO and startup warmup","Section 3;Section 4","4e3dfd1d5d62d205b8706ab9b0b68106b41a326b79ac76bc0b894efeb2668072"
"Source/Project_J/Rendering/Project_JRenderingWarmupSubsystem.h","14","New source review","Implementation/header/build body and connected runtime contract review","PSO and startup warmup","Section 3;Section 4","967a33f25864fc1796922ef49617341e04793e63b6bed5d6bbfe1d3e8fd7d19d"
"Source/Project_J/Social/Project_JSocialSubsystem.cpp","380","New source review","Implementation/header/build body and connected runtime contract review","Social and identity","R07","83a55bacd6682dc6e883ae9790583c20479ac5ffb00e1bb64756f75e70ed804c"
"Source/Project_J/Social/Project_JSocialSubsystem.h","156","New source review","Implementation/header/build body and connected runtime contract review","Social and identity","R07","2b120a47924e714ed13d4be05aa586c2bd761fcd8920cd23aa83792d8a3e8277"
"Source/Project_J/Testing/Project_JAnimationBudgetCombatTests.inl","319","New diagnostic/test review","Names/assertions/guards contract review; targeted fixture/lifecycle body review; not every test line","Budgeting and visual lifetime","R12;Section 3","007a3c9209027c83938804370d7669605f2dfee769ec7b42b9d4d1932df52917"
"Source/Project_J/Testing/Project_JAnimationBudgetProbe.cpp","281","New diagnostic/test review","Names/assertions/guards contract review; targeted fixture/lifecycle body review; not every test line","Budgeting and visual lifetime","R12;Section 3","25845c94c9174813e9dc7b2cb406ee7b69ff598870f9fc8f0f57d7e305c78845"
"Source/Project_J/Testing/Project_JCharacterBudgetTests.inl","114","New diagnostic/test review","Names/assertions/guards contract review; targeted fixture/lifecycle body review; not every test line","Budgeting and visual lifetime","R12;Section 3","403263f700ee10840437b77a598137c045b5951fe44e3d2efdf65ae430561fd6"
"Source/Project_J/Testing/Project_JCombatCookedFixture.cpp","187","New diagnostic/test review","Names/assertions/guards contract review; targeted fixture/lifecycle body review; not every test line","Module/interface/shared contracts","Section 3","f2737640acbbb0b8ecccb98514d2430f51c6d8f580ac893039b84bbbb0e21f9d"
"Source/Project_J/Testing/Project_JCombatCookedFixture.h","32","New diagnostic/test review","Names/assertions/guards contract review; targeted fixture/lifecycle body review; not every test line","Module/interface/shared contracts","Section 3","a437d8cd7a7fcbfac01f544da154a8aed88cf9d839e8e4452498ee63a3114294"
"Source/Project_J/Testing/Project_JEffectsCookedFixture.cpp","123","New diagnostic/test review","Names/assertions/guards contract review; targeted fixture/lifecycle body review; not every test line","Module/interface/shared contracts","Section 3","55993f3ed8a025baa5bde1509620f59987518497098c447534b27e0fce7d23e6"
"Source/Project_J/Testing/Project_JEffectsCookedFixture.h","31","New diagnostic/test review","Names/assertions/guards contract review; targeted fixture/lifecycle body review; not every test line","Module/interface/shared contracts","Section 3","086161ff42ad5ad8fffd05031c7b35f9bf959ccdee2a14ef38cdaafdcf5441d0"
"Source/Project_J/Testing/Project_JEquipmentClientTestComponent.cpp","267","New diagnostic/test review","Names/assertions/guards contract review; targeted fixture/lifecycle body review; not every test line","Module/interface/shared contracts","Section 3","aefac753112cef2360e66efe20a9d13fd841704e9fb4bde12b11461c2c580f4c"
"Source/Project_J/Testing/Project_JEquipmentClientTestComponent.h","46","New diagnostic/test review","Names/assertions/guards contract review; targeted fixture/lifecycle body review; not every test line","Module/interface/shared contracts","Section 3","5122ee0649cd44f161f3659ef652e918d4c907a841745aaf8942639ebf632160"
"Source/Project_J/Testing/Project_JEquipmentSoak.cpp","446","New diagnostic/test review","Names/assertions/guards contract review; targeted fixture/lifecycle body review; not every test line","Module/interface/shared contracts","Section 3","2a39cf31920823261a602ef9fab10d2612af9ba8149f9d822c30e749aa3d4278"
"Source/Project_J/Testing/Project_JNetworkLoadFixture.cpp","254","New diagnostic/test review","Names/assertions/guards contract review; targeted fixture/lifecycle body review; not every test line","Module/interface/shared contracts","Section 3","73cd2fb2ec21637aa53e1ca08ce61e1dfec69548cfab8fc31ccf6adaf69cf700"
"Source/Project_J/Testing/Project_JNetworkLoadFixture.h","94","New diagnostic/test review","Names/assertions/guards contract review; targeted fixture/lifecycle body review; not every test line","Module/interface/shared contracts","Section 3","ea5dd4bca920d4f5b4712a1921942395a215dd9b91413fc6d98670bf57d048f4"
"Source/Project_JAnimationNodes/Private/Animation/Project_JAnimGraphNode_GuidedHandIK.cpp","20","New source review","Implementation/header/build body and connected runtime contract review","IK, rig, presentation source","R10;Section 3","f13a378566fc7f5b4b82a69d1529d98c7137b0ba4af0c1a5ab971a8bedca85bb"
"Source/Project_JAnimationNodes/Private/Project_JAnimationNodesModule.cpp","3","New source review","Implementation/header/build body and connected runtime contract review","Module/interface/shared contracts","Section 3","a04ed28807b901696878f374f694949ac18633f4a13490e246b5056ba8773226"
"Source/Project_JAnimationNodes/Project_JAnimationNodes.Build.cs","13","New source review","Implementation/header/build body and connected runtime contract review","Module/interface/shared contracts","Section 3","bd31dce8069ae0813df863a7bae6af05aaa94441d9e5ec49fe2cc32c727687f0"
"Source/Project_JAnimationNodes/Public/Animation/Project_JAnimGraphNode_GuidedHandIK.h","23","New source review","Implementation/header/build body and connected runtime contract review","IK, rig, presentation source","R10;Section 3","12472148ee6c48e710db3e7696be9eb0744ed388b2930faa87af4bab48309056"
"Source/Project_JCharacter/Private/AbilitySystem/Project_JAbilitySet.cpp","184","Prior detailed area","Prior audit scope inherited; not re-read in full this pass","Module/interface/shared contracts","Prior Character Architecture Maturity Audit","761cbebdf9430e4b29087dbb44d85842c3fcfa6610736837f894c34dbbf86082"
"Source/Project_JCharacter/Private/Animation/Project_JAnimationProfileValidation.cpp","163","Prior detailed area","Prior audit scope inherited; not re-read in full this pass","Module/interface/shared contracts","Prior Character Architecture Maturity Audit","bd2ac65f52e50d8e0a00d23f2ed266735fa749c39aa6e57890ec40a5388c03f4"
"Source/Project_JCharacter/Private/Animation/Project_JAnimNode_GuidedHandIK.cpp","226","New source review","Implementation/header/build body and connected runtime contract review","IK, rig, presentation source","R10;Section 3","c6eb4dc479a068978e7a234a77f232900f3532a1e5c375d3b136438407593bdb"
"Source/Project_JCharacter/Private/Animation/Project_JAnimNotify_SendGameplayEvent.cpp","27","New source review","Implementation/header/build body and connected runtime contract review","Animation events and execution ownership","R04","ec8a75c3c881952689873fe2243268af8263296e58a1df641d1d8dc77339a57b"
"Source/Project_JCharacter/Private/Animation/Project_JAnimNotify_SheatheWeapon.cpp","18","New source review","Implementation/header/build body and connected runtime contract review","Animation events and execution ownership","R04","f7bad9b58290d64c6d899d4aae60b0b0bc2f0aa86c968f268866bfd9143cd675"
"Source/Project_JCharacter/Private/Animation/Project_JAnimNotify_WeaponPresentation.cpp","18","New source review","Implementation/header/build body and connected runtime contract review","Animation events and execution ownership","R04","8fd3fc3c65d40dfa149c8323ab997f018402ba1a439e7499a57a2056e87ee993"
"Source/Project_JCharacter/Private/Animation/Project_JAnimNotifyState_CombatPresentationCue.cpp","46","New source review","Implementation/header/build body and connected runtime contract review","Animation events and execution ownership","R04","73cd897e32b0aba789aef3bfe6a0362df7a09cbed5dad413276ccb7e7307739c"
"Source/Project_JCharacter/Private/Animation/Project_JAnimNotifyState_ComboWindow.cpp","41","New source review","Implementation/header/build body and connected runtime contract review","Animation events and execution ownership","R04","0c9a9260e4c6c3e8858f2b30cfe566aba58d81fd9c4ff76ce6b3f55b345e0f8a"
"Source/Project_JCharacter/Private/Animation/Project_JAnimNotifyState_LocomotionEarlyTransition.cpp","39","New source review","Implementation/header/build body and connected runtime contract review","Animation events and execution ownership","R04","86dba4a457614db6db4611d038c8b3bdb52074e6ebb7eba04fec95cc39c1f9fd"
"Source/Project_JCharacter/Private/Animation/Project_JAnimNotifyState_MeleeHit.cpp","144","New source review","Implementation/header/build body and connected runtime contract review","Animation events and execution ownership","R04","4147509fdce65bf25586114f44e49f116cd9ed20c4d130d315f93f6c1a041b76"
"Source/Project_JCharacter/Private/Animation/Project_JAnimNotifyState_TwoHandIK.cpp","30","New source review","Implementation/header/build body and connected runtime contract review","Animation events and execution ownership","R04","19206d0c3b3542014e13d67f67f86d427469851bdf7670ab0aea9411a893a779"
"Source/Project_JCharacter/Private/Animation/Project_JAnimNotifyState_WeaponGroundContact.cpp","31","New source review","Implementation/header/build body and connected runtime contract review","Animation events and execution ownership","R04","7cb37cf8ab9f63e534bb1bf414e5afdc69648e79c6562a097d26a305854898eb"
"Source/Project_JCharacter/Private/Animation/Project_JAnimNotifyState_WeaponMotion.cpp","58","New source review","Implementation/header/build body and connected runtime contract review","Animation events and execution ownership","R04","4501e12d134828860c5d6b192ab4068b9dc69827aa8ddbb72882ad1f3036b2b7"
"Source/Project_JCharacter/Private/Animation/Project_JBudgetedSkeletalMeshComponent.cpp","190","Prior detailed area","Prior audit scope inherited; not re-read in full this pass","Budgeting and visual lifetime","Prior Character Architecture Maturity Audit","fe6200c5e459da73ac48502f3f42a858c03e7310cbd2f973f4d69a868dbc1c1f"
"Source/Project_JCharacter/Private/Animation/Project_JCharacterAnimInstance.cpp","3599","Prior detailed area","Prior audit scope inherited; not re-read in full this pass","Module/interface/shared contracts","Prior Character Architecture Maturity Audit","9df6fa96d0da4badbecb7fd0baa6bbe01b9b053214427af3739640e7e835c0fd"
"Source/Project_JCharacter/Private/Animation/Project_JCharacterAnimInstance.SnapshotAccessors.cpp","556","Prior detailed area","Prior audit scope inherited; not re-read in full this pass","Module/interface/shared contracts","Prior Character Architecture Maturity Audit","66617e30ce83987db5c7ce7f2a1b8ca87838db749664962928d8c7e70bf02806"
"Source/Project_JCharacter/Private/Animation/Project_JCharacterAnimInstanceBase.cpp","186","Prior detailed area","Prior audit scope inherited; not re-read in full this pass","Module/interface/shared contracts","Prior Character Architecture Maturity Audit","681f258d94a6acec614391ab847f7f901fe0b65b09e61c8ea6d7d015aa82e880"
"Source/Project_JCharacter/Private/Animation/Project_JCharacterAnimInstanceProxy.cpp","655","Prior detailed area","Prior audit scope inherited; not re-read in full this pass","Module/interface/shared contracts","Prior Character Architecture Maturity Audit","7c0d2cd3a222bed5db1cce16ce932be9978481e63c561988ac69ade914b3db07"
"Source/Project_JCharacter/Private/Animation/Project_JCharacterAnimInstanceProxy.h","115","Prior detailed area","Prior audit scope inherited; not re-read in full this pass","Module/interface/shared contracts","Prior Character Architecture Maturity Audit","8ec8374b9f464fa8f0310171e4fca1235266966c389cb8415d980cce4c02302e"
"Source/Project_JCharacter/Private/Animation/Project_JCharacterAnimProfile.cpp","3","Prior detailed area","Prior audit scope inherited; not re-read in full this pass","Module/interface/shared contracts","Prior Character Architecture Maturity Audit","5ce7acc9d92fe0dd676b75c4b0e3f63224f10d939bedd70638c531acfea5e127"
"Source/Project_JCharacter/Private/Animation/Project_JCombatAnimProfile.cpp","3","Prior detailed area","Prior audit scope inherited; not re-read in full this pass","Module/interface/shared contracts","Prior Character Architecture Maturity Audit","7b8ba3784623d6bd153aae269109c7135617de47c4c83dfb226d184042ccd072"
"Source/Project_JCharacter/Private/Animation/Project_JGuidedArmChain.cpp","66","New source review","Implementation/header/build body and connected runtime contract review","IK, rig, presentation source","R10;Section 3","d552d7e1d1cb903340fe819837d9694d826b36e3e42d28926df043cc9ce06d2f"
"Source/Project_JCharacter/Private/Animation/Project_JGuidedArmSolver.cpp","169","New source review","Implementation/header/build body and connected runtime contract review","IK, rig, presentation source","R10;Section 3","ca815898964bd62b11502a92689ad1301f8be34b2db692ba72029dcbddb8809b"
"Source/Project_JCharacter/Private/Animation/Project_JGuidedHandIKTrace.cpp","186","New diagnostic/test review","Names/assertions/guards contract review; targeted fixture/lifecycle body review; not every test line","IK, rig, presentation source","R10;Section 3","20ffd64dec56e1be776d5ee8eb150f3ed9a10c059d8db87ae93ee06685826974"
"Source/Project_JCharacter/Private/Animation/Project_JGuidedHandIKTrace.h","20","New diagnostic/test review","Names/assertions/guards contract review; targeted fixture/lifecycle body review; not every test line","IK, rig, presentation source","R10;Section 3","4f3ef8cd5cf2df337775e09d9cb5ed58d3b1fd40df57a3e8e5e77c42e9353d3e"
"Source/Project_JCharacter/Private/Animation/Project_JHandContact.cpp","92","New source review","Implementation/header/build body and connected runtime contract review","IK, rig, presentation source","R10;Section 3","a2a3f1aae0082788bf72c3e01665eed6ccd55bafc056c346a6d5f37be62afa2e"
"Source/Project_JCharacter/Private/Animation/Project_JHandGripProfile.cpp","38","Prior detailed area","Prior audit scope inherited; not re-read in full this pass","Module/interface/shared contracts","Prior Character Architecture Maturity Audit","2225dc48e6dac21e7215c62ca7e43dc672f481600e2db56a4943a0ea26f4e733"
"Source/Project_JCharacter/Private/Animation/Project_JLocomotionProfile.cpp","220","Prior detailed area","Prior audit scope inherited; not re-read in full this pass","Module/interface/shared contracts","Prior Character Architecture Maturity Audit","6e7a777fdb5aee2a5bdec0f12e5d6e0c069cf3f993228c06216461881ddbce9c"
"Source/Project_JCharacter/Private/Animation/Project_JMotionMatchingAssetSet.cpp","108","Prior detailed area","Prior audit scope inherited; not re-read in full this pass","Module/interface/shared contracts","Prior Character Architecture Maturity Audit","d34321bd01571231514591b487bca51938bafc25111275080ab5d7cd1fdf25af"
"Source/Project_JCharacter/Private/Animation/Project_JMotionMatchingCVars.cpp","124","New diagnostic/test review","Names/assertions/guards contract review; targeted fixture/lifecycle body review; not every test line","Module/interface/shared contracts","Section 3","5ce15cf11055590db75395b92c289148ba24c8f2c9b4d2a440aae676a3582785"
"Source/Project_JCharacter/Private/Animation/Project_JMotionMatchingTrajectoryComponent.cpp","429","Prior detailed area","Prior audit scope inherited; not re-read in full this pass","Module/interface/shared contracts","Prior Character Architecture Maturity Audit","7f7c97774ca514aa306e70a2397fb1833f856e5f5e16185bcd874f8b4315b899"
"Source/Project_JCharacter/Private/Animation/Project_JPresentationMeshResolver.cpp","88","New source review","Implementation/header/build body and connected runtime contract review","IK, rig, presentation source","R10;Section 3","67b74dcd7bf739850e328fce70be47217013ec44600a35a9df347deb1403b7da"
"Source/Project_JCharacter/Private/Animation/Project_JPresentationMeshResolver.h","20","New source review","Implementation/header/build body and connected runtime contract review","IK, rig, presentation source","R10;Section 3","07d31a70a55ee6fddcfc2ac7b65b7994a95dc84c40a671c4cbf052e8798900d4"
"Source/Project_JCharacter/Private/Animation/Project_JRetargetAnimInstance.cpp","429","New source review","Implementation/header/build body and connected runtime contract review","IK, rig, presentation source","R10;Section 3","58105886a154111dd90236319f649eeb710babd10480ad750a954989a632f53f"
"Source/Project_JCharacter/Private/Animation/Project_JTrajectoryQuery.h","49","Prior detailed area","Prior audit scope inherited; not re-read in full this pass","Module/interface/shared contracts","Prior Character Architecture Maturity Audit","5a3fbf587e1a7976afe2e6a946b06d6db64ad40f55d35e05cda5e92d8d71ef69"
"Source/Project_JCharacter/Private/Animation/Project_JWeaponAnimProfile.cpp","3","Prior detailed area","Prior audit scope inherited; not re-read in full this pass","Module/interface/shared contracts","Prior Character Architecture Maturity Audit","972c9d85fcab88c29e4f53cd891cd31ad9af573cdbc3f1f7d82127af8cff309d"
"Source/Project_JCharacter/Private/Camera/Project_JCameraComponent.cpp","139","Prior detailed area","Prior audit scope inherited; not re-read in full this pass","Module/interface/shared contracts","Prior Character Architecture Maturity Audit","0c7e81210617b6ab7d9317e85ceac5d95f54c830a76b15a47bd4e8c8d5f5eaaa"
"Source/Project_JCharacter/Private/CharacterClass/Project_JCharacterClassDefinition.cpp","57","Prior detailed area","Prior audit scope inherited; not re-read in full this pass","Module/interface/shared contracts","Prior Character Architecture Maturity Audit","46f25c5cc6228643c44a71c158b92f773a2fbbb2ae93a17e0818afb17f696e11"
"Source/Project_JCharacter/Private/CharacterClass/Project_JCharacterDataSubsystem.cpp","257","Prior detailed area","Prior audit scope inherited; not re-read in full this pass","Module/interface/shared contracts","Prior Character Architecture Maturity Audit","07edadcd3dc355f7b5da0299b3c241c594b7b8e62ba8a1b3ca11b66dc24213ec"
"Source/Project_JCharacter/Private/CharacterClass/Project_JProgressionComponent.cpp","203","Prior detailed area","Prior audit scope inherited; not re-read in full this pass","Module/interface/shared contracts","Prior Character Architecture Maturity Audit","5f9178f738da9a7804e310658686fd3d9ff83ce125cb8d9baa05ef51225d500e"
"Source/Project_JCharacter/Private/Combat/Project_JAttackDefinition.cpp","85","Prior detailed area","Prior audit scope inherited; not re-read in full this pass","Module/interface/shared contracts","Prior Character Architecture Maturity Audit","fda5b82d1e404bd7db52a62bba54df79f0b8706e0e905c99fadb1accc9a25468"
"Source/Project_JCharacter/Private/Combat/Project_JCombatCommandSet.cpp","138","Prior detailed area","Prior audit scope inherited; not re-read in full this pass","Module/interface/shared contracts","Prior Character Architecture Maturity Audit","a8fe8244f12acf5640744e333d43df1df6f401c8a87bbbfb1902232eb355f60f"
"Source/Project_JCharacter/Private/Combat/Project_JCombatConfiguration.cpp","30","Prior detailed area","Prior audit scope inherited; not re-read in full this pass","Module/interface/shared contracts","Prior Character Architecture Maturity Audit","e6551b9d39a9d93e8317a727b2185b237bbd27ec3dfd1a644aaca251888a86c9"
"Source/Project_JCharacter/Private/Combat/Project_JCombatHitValidation.cpp","86","Prior detailed area","Prior audit scope inherited; not re-read in full this pass","Module/interface/shared contracts","Prior Character Architecture Maturity Audit","226c5c6d317e9b5a1c549f5170a5f56dd8095536fb53ab49bbb198951971ab36"
"Source/Project_JCharacter/Private/Combat/Project_JCombatMovementPolicy.cpp","40","Prior detailed area","Prior audit scope inherited; not re-read in full this pass","Module/interface/shared contracts","Prior Character Architecture Maturity Audit","49397e6fa05cd1ec9d402f7d1073307098f2fb6ced0ce124b9e1017803503036"
"Source/Project_JCharacter/Private/Combat/Project_JCombatPresentationSet.cpp","71","Prior detailed area","Prior audit scope inherited; not re-read in full this pass","Module/interface/shared contracts","Prior Character Architecture Maturity Audit","b1227698c8a92ae4e943ee4b572039b3cb2a995be6777a5f927440fc76908c6a"
"Source/Project_JCharacter/Private/Combat/Project_JCombatStyleDefinition.cpp","171","Prior detailed area","Prior audit scope inherited; not re-read in full this pass","Module/interface/shared contracts","Prior Character Architecture Maturity Audit","3ba476b5cccb4e15749c83711b235147f83deae7b4df4f9011b32549d9f556c3"
"Source/Project_JCharacter/Private/Combat/Project_JComboDefinition.cpp","118","Prior detailed area","Prior audit scope inherited; not re-read in full this pass","Module/interface/shared contracts","Prior Character Architecture Maturity Audit","a6dac8a6d4a8f314f8721bbbfc2de0be573e2c8e5d03a22396ad69d941b5130c"
"Source/Project_JCharacter/Private/Combat/Project_JGameplayAbility_CombatToggle.cpp","76","New source review","Implementation/header/build body and connected runtime contract review","Module/interface/shared contracts","Section 3","bcfa8071d3115f315dd7304cc6c20efb5627b00c270b7560a763a81123698611"
"Source/Project_JCharacter/Private/Combat/Project_JGameplayAbility_Melee.cpp","584","Prior detailed area","Prior audit scope inherited; not re-read in full this pass","Module/interface/shared contracts","Prior Character Architecture Maturity Audit","88c26d88e97bc4c34f45837920d8d162797ef458185b4758ca6f70c5820d0a31"
"Source/Project_JCharacter/Private/Combat/Project_JGameplayAbility_NPCAttack.cpp","187","New source review","Implementation/header/build body and connected runtime contract review","NPC decision/action/navigation and scoring","R11;R12;Section 3","7b26f42bd18b98b66ccf5d09fcd9925fc05844657c9e1bf4101263302bd67c12"
"Source/Project_JCharacter/Private/Combat/Project_JGameplayAbility_Sprint.cpp","69","New source review","Implementation/header/build body and connected runtime contract review","Module/interface/shared contracts","Section 3","358d42afc8b7288961e614184b2e04a1e5b0530aa4bae85a2a7d55f0ac9f6521"
"Source/Project_JCharacter/Private/Combat/Project_JGameplayEffect_CombatMode.cpp","6","Prior detailed area","Prior audit scope inherited; not re-read in full this pass","Module/interface/shared contracts","Prior Character Architecture Maturity Audit","ee4e1333e482af1d8b9a704196925f2fe68c9e25f7f965853148165af637913a"
"Source/Project_JCharacter/Private/Combat/Project_JServerSideRewindComponent.cpp","208","Prior detailed area","Prior audit scope inherited; not re-read in full this pass","Module/interface/shared contracts","Prior Character Architecture Maturity Audit","0f83d37ff53b4d04ed2d5309970fc1b56cf4106fa1c3f503b651af0c4c6728d2"
"Source/Project_JCharacter/Private/Components/Project_JAnimationUpdateCoordinatorComponent.cpp","105","Prior detailed area","Prior audit scope inherited; not re-read in full this pass","Module/interface/shared contracts","Prior Character Architecture Maturity Audit","f26e55441af672c34cffba01b4db11a6044325d166f7111577db54fb142c7e62"
"Source/Project_JCharacter/Private/Components/Project_JCombatAnimationLayerComponent.cpp","224","Prior detailed area","Prior audit scope inherited; not re-read in full this pass","Module/interface/shared contracts","Prior Character Architecture Maturity Audit","8bd8154e3071aec21cd3d92698266ae6872d10fa15135ddc68cfeff27583d44c"
"Source/Project_JCharacter/Private/Components/Project_JCombatHitValidationComponent.cpp","600","Prior detailed area","Prior audit scope inherited; not re-read in full this pass","Module/interface/shared contracts","Prior Character Architecture Maturity Audit","1770321435c5288a44a5842e5c6b45f7e31740b62c320ced95e315e1d4f92a3e"
"Source/Project_JCharacter/Private/Components/Project_JCombatIntroComponent.cpp","123","Prior detailed area","Prior audit scope inherited; not re-read in full this pass","Module/interface/shared contracts","Prior Character Architecture Maturity Audit","adac5e1fb8fdc023488768f4eecca33c7c0205b01cc5b8f1696da5ae5689e26f"
"Source/Project_JCharacter/Private/Components/Project_JCombatPresentationComponent.cpp","498","Prior detailed area","Prior audit scope inherited; not re-read in full this pass","Module/interface/shared contracts","Prior Character Architecture Maturity Audit","25e0a8dd39482a63c8aa0d39603f595f82dbf8d5c8dba56da08b559c0b6bcca7"
"Source/Project_JCharacter/Private/Components/Project_JCombatStateComponent.cpp","147","Prior detailed area","Prior audit scope inherited; not re-read in full this pass","Module/interface/shared contracts","Prior Character Architecture Maturity Audit","bd7fbf990767f90d67a5daf24b3f934d50c95ac04fe422e1962f77f0740f876b"
"Source/Project_JCharacter/Private/Components/Project_JEquipmentManagerComponent.cpp","508","Prior detailed area","Prior audit scope inherited; not re-read in full this pass","Module/interface/shared contracts","Prior Character Architecture Maturity Audit","d0ebe8bdd3b4d314d40b3750e92974b574a90b645ca2bc8d55da30350a6ca781"
"Source/Project_JCharacter/Private/Components/Project_JEquipmentRuntimeComponent.cpp","494","Prior detailed area","Prior audit scope inherited; not re-read in full this pass","Module/interface/shared contracts","Prior Character Architecture Maturity Audit","177f16567b25c1f0f0c6f6f39f2c6ab156ab037dd56a5dcf5dcef511cc477c9b"
"Source/Project_JCharacter/Private/Components/Project_JInventoryComponent.cpp","383","Prior detailed area","Prior audit scope inherited; not re-read in full this pass","Module/interface/shared contracts","Prior Character Architecture Maturity Audit","b37cad9f103369cdb7e2f452f76723e0bcf5a1010c28c9343a6da00bff9a8e58"
"Source/Project_JCharacter/Private/Components/Project_JModularMeshComponent.cpp","27","Prior detailed area","Prior audit scope inherited; not re-read in full this pass","Module/interface/shared contracts","Prior Character Architecture Maturity Audit","b005c15bff0496cccf7010e5562690f3be6f3c17c2f2de50d50ce69cfd5a0ebb"
"Source/Project_JCharacter/Private/Components/Project_JMountedAnimationLayerComponent.cpp","231","Prior detailed area","Prior audit scope inherited; not re-read in full this pass","Module/interface/shared contracts","Prior Character Architecture Maturity Audit","b4d5421f33513acb2e46edddb0a603e30ddf31d22cdd5961c509e8c77b09d5f1"
"Source/Project_JCharacter/Private/Components/Project_JNPCActionComponent.cpp","389","New source review","Implementation/header/build body and connected runtime contract review","NPC decision/action/navigation and scoring","R11;R12;Section 3","dca072773235a7dc8891938ecff53950e778a0bdbac3750d3c33a1ce27cf90a9"
"Source/Project_JCharacter/Private/Components/Project_JPlayerInputBindingComponent.cpp","616","Prior detailed area","Prior audit scope inherited; not re-read in full this pass","Module/interface/shared contracts","Prior Character Architecture Maturity Audit","499939e3d6a62606247ce09b1bf2c516d059acfd2c302dbcf4c87314159d6aac"
"Source/Project_JCharacter/Private/Components/Project_JReplicatedAnimEventComponent.cpp","472","Prior detailed area","Prior audit scope inherited; not re-read in full this pass","Module/interface/shared contracts","Prior Character Architecture Maturity Audit","85fed6fc39d854cc80bd51a84484b0a4c22f2c5b7e534a19ea997f05bfb0d75e"
"Source/Project_JCharacter/Private/Components/Project_JReplicatedJumpStateComponent.cpp","131","Prior detailed area","Prior audit scope inherited; not re-read in full this pass","Module/interface/shared contracts","Prior Character Architecture Maturity Audit","ff3befca95d699617d6c4584656e3b563cd58445e3762805a5f88c9701f8774e"
"Source/Project_JCharacter/Private/Components/Project_JSkillInputExecutionComponent.cpp","295","Prior detailed area","Prior audit scope inherited; not re-read in full this pass","Module/interface/shared contracts","Prior Character Architecture Maturity Audit","270d33f184b845b07e295fef50f3cf68a2f3dc81ea8c3452f16d3f2ea51221bb"
"Source/Project_JCharacter/Private/Components/Project_JSkillInputRouterComponent.cpp","455","Prior detailed area","Prior audit scope inherited; not re-read in full this pass","Module/interface/shared contracts","Prior Character Architecture Maturity Audit","4a1ddbd1f12abf74944e4b4ce5a7e1a86186ec873d5b93421a60617bfb83d17e"
"Source/Project_JCharacter/Private/Components/Project_JTargetScoringComponent.cpp","171","New source review","Implementation/header/build body and connected runtime contract review","NPC decision/action/navigation and scoring","R11;R12;Section 3","0e4222c0b903da01ab17ae17494910583a33c093ea39242eb792af43db6a0865"
"Source/Project_JCharacter/Private/Components/Project_JWeaponPresentationComponent.cpp","1816","Prior detailed area","Prior audit scope inherited; not re-read in full this pass","Module/interface/shared contracts","Prior Character Architecture Maturity Audit","fbd0b24457c1c1310b07e8d4f04b748f455ffadc248fe96c00e10a9131543ef5"
"Source/Project_JCharacter/Private/Diagnostics/Project_JIrisFastArrayDiagnostics.cpp","144","New diagnostic/test review","Names/assertions/guards contract review; targeted fixture/lifecycle body review; not every test line","Module/interface/shared contracts","Section 3","9a9672f1836529b252ed80acfa4949bba1a722fea02bc70aeb4fba589a071f3d"
"Source/Project_JCharacter/Private/Equipment/Project_JEquipmentItemDefinition.cpp","64","Prior detailed area","Prior audit scope inherited; not re-read in full this pass","Module/interface/shared contracts","Prior Character Architecture Maturity Audit","69774065b2b1c0b555d2c26b588bc3846d95dcdace85aba2ca67e1304143685c"
"Source/Project_JCharacter/Private/Equipment/Project_JWeaponPresentationActor.cpp","23","New source review","Implementation/header/build body and connected runtime contract review","Module/interface/shared contracts","Section 3","2657a8208ae8b5f7fe3680ac6f1f6d3a93e9d364ad4caa82c452b967a08a5a10"
"Source/Project_JCharacter/Private/Equipment/Project_JWeaponPresentationProfile.cpp","71","Prior detailed area","Prior audit scope inherited; not re-read in full this pass","Module/interface/shared contracts","Prior Character Architecture Maturity Audit","9dac8540493a3a2caa4a4fb065fdb3c72e8adaa4d596e5b0994f85ff03f0d83f"
"Source/Project_JCharacter/Private/Features/Project_JGameFeatureReceiver.cpp","4","New source review","Implementation/header/build body and connected runtime contract review","Module/interface/shared contracts","Section 3","22f248445effe7ab08d1735437d9e69ec8ed16a31eac87e259e2b627ded0bc9d"
"Source/Project_JCharacter/Private/Interaction/Project_JInteractionQuery.cpp","66","New source review","Implementation/header/build body and connected runtime contract review","Module/interface/shared contracts","Section 3","fd610f4d5d205c957781f519788fe71f7f8767a5150cab99fd77f5a900110404"
"Source/Project_JCharacter/Private/Interaction/Project_JInteractionQuery.h","11","New source review","Implementation/header/build body and connected runtime contract review","Module/interface/shared contracts","Section 3","30dae921ab7c425d8bb1698bcaa3f148c95e9bcc808b89bb0a1c3fdd0ed4fb92"
"Source/Project_JCharacter/Private/Inventory/Project_JItemDefinition.cpp","1","Prior detailed area","Prior audit scope inherited; not re-read in full this pass","Module/interface/shared contracts","Prior Character Architecture Maturity Audit","12f9447f9b63d7b4cf8e26e4138d77e5c5e6c789395b0659be97d2577a1b2bbc"
"Source/Project_JCharacter/Private/Mass/Project_JMassMonster_Trait.cpp","9","New source review","Implementation/header/build body and connected runtime contract review","Mass representation/movement","R02;R12","035f7689ddccea2d01b4dbc944fa3d80d71ced6ce2fb3297dbed4c196d51921d"
"Source/Project_JCharacter/Private/Mass/Project_JMassMonsterSpawner.cpp","18","New source review","Implementation/header/build body and connected runtime contract review","Mass representation/movement","R02;R12","6ee0d470dcb8871138589cf69f6ca9d18e262d5af49932a67d07e134dcce0524"
"Source/Project_JCharacter/Private/Mass/Project_JMassMovementProcessor.cpp","102","New source review","Implementation/header/build body and connected runtime contract review","Mass representation/movement","R02;R12","fdcb23e7d258a3fc8ec16ac1bf222e1ff509e6ffc3d29e1b0da953d0284f825b"
"Source/Project_JCharacter/Private/Mass/Project_JMassRepresentationSubsystem.cpp","293","New source review","Implementation/header/build body and connected runtime contract review","Mass representation/movement","R02;R12","3a924f9e0f462789ba6f97a5ba2fc36ef2048c0ac18fd1f3b73f6bb07e7c2559"
"Source/Project_JCharacter/Private/Network/Project_JHandoverSerializable.cpp","3","New source review","Implementation/header/build body and connected runtime contract review","Module/interface/shared contracts","Section 3","c735fb73835aa9b04534b05acd1ea3ce401420fb14c6560910fb0d3b298d2fdf"
"Source/Project_JCharacter/Private/Network/Project_JNetObjectFilter_Distance.cpp","150","New source review","Implementation/header/build body and connected runtime contract review","Module/interface/shared contracts","Section 3","293660c8a806f26b90e2abab67c60c385c4df12984b53eda5478320c09aa182a"
"Source/Project_JCharacter/Private/Network/Project_JNetObjectPrioritizer_Combat.cpp","56","New source review","Implementation/header/build body and connected runtime contract review","Module/interface/shared contracts","Section 3","b5c628691d1ef0452e57a392a76d9844ffa843f5e948117730b8938e0975c318"
"Source/Project_JCharacter/Private/Optimization/Project_JNPCDecisionExperiment.cpp","164","New diagnostic/test review","Names/assertions/guards contract review; targeted fixture/lifecycle body review; not every test line","NPC decision/action/navigation and scoring","R11;R12;Section 3","33997d228a7343d0366c662e59fc1080ba731d22a24cd08082b330f63c03870d"
"Source/Project_JCharacter/Private/Project_JBaseCharacter.cpp","409","Prior detailed area","Prior audit scope inherited; not re-read in full this pass","Module/interface/shared contracts","Prior Character Architecture Maturity Audit","29d58e585641b7573b269911bbe04ed11eb0b07abefa42bcd5c7d0dcc4a8db67"
"Source/Project_JCharacter/Private/Project_JCharacter.cpp","15","New source review","Implementation/header/build body and connected runtime contract review","Module/interface/shared contracts","Section 3","b0b8a94f8e210b5f95b0b1acf58b8b864af0cf47c5582c2c6f182eef4329d750"
"Source/Project_JCharacter/Private/Project_JDefaultAttributeSetData.cpp","51","Prior detailed area","Prior audit scope inherited; not re-read in full this pass","GAS resource invariants","Prior Character Architecture Maturity Audit","58f109b002a3a0db4eb63b33a85d1f5fd1f7efc6ec0c0b3e73151caa0486fe45"
"Source/Project_JCharacter/Private/Project_JGreatswordCharacter.cpp","3","Prior detailed area","Prior audit scope inherited; not re-read in full this pass","Module/interface/shared contracts","Prior Character Architecture Maturity Audit","8800b3a89f8729c120940ddae2f3930ae7c1ef98248eb88d09678e96f08bc384"
"Source/Project_JCharacter/Private/Project_JLocomotionAnimStateComponent.cpp","1574","Prior detailed area","Prior audit scope inherited; not re-read in full this pass","Module/interface/shared contracts","Prior Character Architecture Maturity Audit","d0c4e984a8fdfd11b697f7438da3a7d7149af2c857f686e625ac1f84ab095768"
"Source/Project_JCharacter/Private/Project_JLocomotionAnimStateComponentAir.cpp","200","Prior detailed area","Prior audit scope inherited; not re-read in full this pass","Module/interface/shared contracts","Prior Character Architecture Maturity Audit","4fde6957770065c394fa1de4a0cf671ad0c7d3648ca52a4873336d6bf644cb41"
"Source/Project_JCharacter/Private/Project_JLocomotionAnimStateComponentBase.cpp","78","Prior detailed area","Prior audit scope inherited; not re-read in full this pass","Module/interface/shared contracts","Prior Character Architecture Maturity Audit","a77b7f8f0ecac5231cce8282a88657716b5f8b14f50451546a05efe8fc5e543a"
"Source/Project_JCharacter/Private/Project_JLocomotionAnimStateComponentGround.cpp","455","Prior detailed area","Prior audit scope inherited; not re-read in full this pass","Module/interface/shared contracts","Prior Character Architecture Maturity Audit","4204593f8e38ac52fbb4ab9ffdb80b4d24d9c66981d73d716780c4b98c817fdd"
"Source/Project_JCharacter/Private/Project_JLocomotionAnimStateComponentInput.cpp","386","Prior detailed area","Prior audit scope inherited; not re-read in full this pass","Module/interface/shared contracts","Prior Character Architecture Maturity Audit","c17987e4ec647adcd5eb70dce15ca1eab965fb9f382d0e6e4002909cab3ba543"
"Source/Project_JCharacter/Private/Project_JLocomotionAnimStateComponentSupport.cpp","311","Prior detailed area","Prior audit scope inherited; not re-read in full this pass","Module/interface/shared contracts","Prior Character Architecture Maturity Audit","9a00fb4b68788dcffe20a2fe9701abe552d1df2e7af70ec9701d289449b4130e"
"Source/Project_JCharacter/Private/Project_JLocomotionAnimStateComponentTransitions.cpp","675","Prior detailed area","Prior audit scope inherited; not re-read in full this pass","Module/interface/shared contracts","Prior Character Architecture Maturity Audit","9fa273d8d2751ca5836ac168fcd53deee542f89afcf4ce65acefe1e5136980b7"
"Source/Project_JCharacter/Private/Project_JLocomotionDebugUtils.h","139","Prior detailed area","Prior audit scope inherited; not re-read in full this pass","Module/interface/shared contracts","Prior Character Architecture Maturity Audit","0b14ddbc425ae842c558aae2de80140242c2a346292e14839c973c00b19f3fec"
"Source/Project_JCharacter/Private/Project_JNPCCharacter.cpp","103","New source review","Implementation/header/build body and connected runtime contract review","NPC decision/action/navigation and scoring","R11;R12;Section 3","d0b9b483818ea8bd8f3bdb88f9bda2bdba8cc4eb9e1ab174ba3d7c8cc044cce7"
"Source/Project_JCharacter/Private/Project_JPlayerCharacter.cpp","1626","Prior detailed area","Prior audit scope inherited; not re-read in full this pass","Module/interface/shared contracts","Prior Character Architecture Maturity Audit","86a96d2c60762dc4231b66db625bc5fded39332d08bb34618d53251cce725323"
"Source/Project_JCharacter/Private/Project_JPlayerCharacter.Movement.cpp","400","Prior detailed area","Prior audit scope inherited; not re-read in full this pass","Module/interface/shared contracts","Prior Character Architecture Maturity Audit","3b3ead8135e8efa0267f5c5ee7e729c0908d793aa808651b2b32f7b68533bccc"
"Source/Project_JCharacter/Private/System/Project_JCharacterAnimationBudgetSubsystem.cpp","127","New source review","Implementation/header/build body and connected runtime contract review","Budgeting and visual lifetime","R12;Section 3","d8faa269c38234c18febbbfc2082f6ac7c4a08972aac0aae453c9c97e62098f1"
"Source/Project_JCharacter/Private/System/Project_JNPCDecisionSubsystem.cpp","509","New source review","Implementation/header/build body and connected runtime contract review","NPC decision/action/navigation and scoring","R11;R12;Section 3","6edd5a684126d1f6df5d6704ce9065945d9d8d8a44e8cd5ca7db71022463b41f"
"Source/Project_JCharacter/Private/System/Project_JNPCPathSubsystem.cpp","301","New source review","Implementation/header/build body and connected runtime contract review","NPC decision/action/navigation and scoring","R11;R12;Section 3","ec124ec2a6323731e3f57668c106b2b4e17ae48054e2541dd3e9c6bb52609756"
"Source/Project_JCharacter/Private/System/Project_JPresentationBudgetSubsystem.cpp","52","New source review","Implementation/header/build body and connected runtime contract review","Budgeting and visual lifetime","R12;Section 3","dda73473b31e1a8cb5a639534d10e320994feef75626e783a690817d0775eeee"
"Source/Project_JCharacter/Private/Tests/Project_JAnimationContractAudit.cpp","58","New diagnostic/test review","Names/assertions/guards contract review; targeted fixture/lifecycle body review; not every test line","Module/interface/shared contracts","Section 3","422d46e41ac85c5dd124d60bc4a6c7603fb1fd9e1be395cc2111d350022c2564"
"Source/Project_JCharacter/Private/Tests/Project_JArchitectureTests.cpp","405","New diagnostic/test review","Names/assertions/guards contract review; targeted fixture/lifecycle body review; not every test line","Module/interface/shared contracts","Section 3","10ff831d19b0a25ce1909ca9a9035d305222f3196601e57618a4b684d8bb72e8"
"Source/Project_JCharacter/Private/Tests/Project_JAuthorityHitOriginTests.cpp","50","New diagnostic/test review","Names/assertions/guards contract review; targeted fixture/lifecycle body review; not every test line","Module/interface/shared contracts","Section 3","0f81f0160cc5fcbb3217a92c715ab5533c18c2dc90e626215542d381d343410c"
"Source/Project_JCharacter/Private/Tests/Project_JCharacterRuntimeTests.cpp","283","New diagnostic/test review","Names/assertions/guards contract review; targeted fixture/lifecycle body review; not every test line","Module/interface/shared contracts","Section 3","3855d2aa83101a3eb6136be434c7f4da17a78fa305b0650ce5b3c901fe79d726"
"Source/Project_JCharacter/Private/Tests/Project_JCombatPosePolicyTests.cpp","39","New diagnostic/test review","Names/assertions/guards contract review; targeted fixture/lifecycle body review; not every test line","Module/interface/shared contracts","Section 3","da7a9bc6dfa3e71d3ecfe1c5888c3b793c75ea8fcaafc2bc85c62e06a85e7ddd"
"Source/Project_JCharacter/Private/Tests/Project_JComponentOwnershipTests.cpp","243","New diagnostic/test review","Names/assertions/guards contract review; targeted fixture/lifecycle body review; not every test line","Module/interface/shared contracts","Section 3","ccbc3037f01a3c185d6c912ea68e62cb3405c1ae85196e81dedba77c72feed20"
"Source/Project_JCharacter/Private/Tests/Project_JCrowdAnimationTests.cpp","65","New diagnostic/test review","Names/assertions/guards contract review; targeted fixture/lifecycle body review; not every test line","Module/interface/shared contracts","Section 3","0eddf18b0bfbb158b7b7ee87c25d0087c86e627a51d99a0241055d1e65b143e5"
"Source/Project_JCharacter/Private/Tests/Project_JCrowdEffectsTests.cpp","95","New diagnostic/test review","Names/assertions/guards contract review; targeted fixture/lifecycle body review; not every test line","Module/interface/shared contracts","Section 3","57faec78f271544af7d8dfdf118bca3a054f31ef34ede13730ebddbdc173b9f2"
"Source/Project_JCharacter/Private/Tests/Project_JCrowdPresentationTests.cpp","84","New diagnostic/test review","Names/assertions/guards contract review; targeted fixture/lifecycle body review; not every test line","Module/interface/shared contracts","Section 3","f17c9f23131772fe1e986c9a8761d3d0570b3778f5f09f472d40b9f3b30e2aa7"
"Source/Project_JCharacter/Private/Tests/Project_JExtensionArchitectureTests.cpp","199","New diagnostic/test review","Names/assertions/guards contract review; targeted fixture/lifecycle body review; not every test line","Module/interface/shared contracts","Section 3","33e10564f880189d51eae1d35f03a5776a2a9cffae42adac0330b3e891bd1490"
"Source/Project_JCharacter/Private/Tests/Project_JGuidedArmSolverTests.cpp","120","New diagnostic/test review","Names/assertions/guards contract review; targeted fixture/lifecycle body review; not every test line","IK, rig, presentation source","R10;Section 3","63bf7d1fbbe48d56353d3fe5b932d37cff0599ee426bb2e468bb80a5ffa8ec45"
"Source/Project_JCharacter/Private/Tests/Project_JGuidedBendStabilityTests.cpp","126","New diagnostic/test review","Names/assertions/guards contract review; targeted fixture/lifecycle body review; not every test line","Module/interface/shared contracts","Section 3","3a3cd21ce01eae9c5ca5d6b362411186a45736e0713d6b430c0966933a7f5953"
"Source/Project_JCharacter/Private/Tests/Project_JGuidedIKTraceTests.cpp","93","New diagnostic/test review","Names/assertions/guards contract review; targeted fixture/lifecycle body review; not every test line","Module/interface/shared contracts","Section 3","5a3fb8a7e87c46bfd6e75f0489a4a25a1c86befd0b37eaf54e71588202f69806"
"Source/Project_JCharacter/Private/Tests/Project_JHandContactRigTests.cpp","194","New diagnostic/test review","Names/assertions/guards contract review; targeted fixture/lifecycle body review; not every test line","IK, rig, presentation source","R10;Section 3","eca231505067d0675f139be08aa6ca7720f5d8024e152ade2dd06084c4db0cce"
"Source/Project_JCharacter/Private/Tests/Project_JInternalRefinementTests.cpp","293","New diagnostic/test review","Names/assertions/guards contract review; targeted fixture/lifecycle body review; not every test line","Module/interface/shared contracts","Section 3","b93f2c115ece1aae1763938c3ce1a3addca167357c444eea60c0f64d32099433"
"Source/Project_JCharacter/Private/Tests/Project_JInternalTestReceiver.h","68","New diagnostic/test review","Names/assertions/guards contract review; targeted fixture/lifecycle body review; not every test line","Module/interface/shared contracts","Section 3","9e4ffa07cd23734e9feb814a3f01beb6dacc1bcf5e9058869128b328d7fb9b7d"
"Source/Project_JCharacter/Private/Tests/Project_JMassTests.cpp","255","New diagnostic/test review","Names/assertions/guards contract review; targeted fixture/lifecycle body review; not every test line","Module/interface/shared contracts","Section 3","7794f8a4516f2b60caee359783d0548949be6a7ac7c28cf1677628939d10f61f"
"Source/Project_JCharacter/Private/Tests/Project_JMeleeLifetimeTests.cpp","110","New diagnostic/test review","Names/assertions/guards contract review; targeted fixture/lifecycle body review; not every test line","Module/interface/shared contracts","Section 3","ced21bc42c1e9b2c1b57d1c0f176a3de6a4c3f68e650f748c4abf14d45fbd8d4"
"Source/Project_JCharacter/Private/Tests/Project_JNPCActionTests.cpp","406","New diagnostic/test review","Names/assertions/guards contract review; targeted fixture/lifecycle body review; not every test line","NPC decision/action/navigation and scoring","R11;R12;Section 3","86d5704477c9e2f1473cdafc694702e39d9680a3609b4935f881d7f485f47b8f"
"Source/Project_JCharacter/Private/Tests/Project_JNPCDecisionTests.cpp","251","New diagnostic/test review","Names/assertions/guards contract review; targeted fixture/lifecycle body review; not every test line","NPC decision/action/navigation and scoring","R11;R12;Section 3","a9e9b8b463379f04bed61fc2771c9ee4d504cc43c6b6a2610f95d7e7a1af99f3"
"Source/Project_JCharacter/Private/Tests/Project_JPresentationMeshResolverTests.cpp","404","New diagnostic/test review","Names/assertions/guards contract review; targeted fixture/lifecycle body review; not every test line","IK, rig, presentation source","R10;Section 3","bcc165f6bfaf680a306ad0a160d103d40a88d02d7f9bf2e457d7656199d1ff31"
"Source/Project_JCharacter/Private/Tests/Project_JPresentationRecoveryTests.cpp","50","New diagnostic/test review","Names/assertions/guards contract review; targeted fixture/lifecycle body review; not every test line","Module/interface/shared contracts","Section 3","d4c0cacf94f1d030273380175c3621673e3c6717d91bf2483ba6a0851ba25ee4"
"Source/Project_JCharacter/Private/Tests/Project_JPrimaryGripAttachmentTests.cpp","212","New diagnostic/test review","Names/assertions/guards contract review; targeted fixture/lifecycle body review; not every test line","Module/interface/shared contracts","Section 3","6b646b8a3b71887ccffa61604f7328ab76efaeb423cfd7e2a48334ccaa7a6eb1"
"Source/Project_JCharacter/Private/Tests/Project_JRetargetAndSSRFollowupTests.cpp","863","New diagnostic/test review","Names/assertions/guards contract review; targeted fixture/lifecycle body review; not every test line","IK, rig, presentation source","R10;Section 3","4ad63d34fb05724092faa6ef004effd33accf3d09609151aea73ad7d7f636c41"
"Source/Project_JCharacter/Private/Tests/Project_JSecondaryHandContactTests.cpp","121","New diagnostic/test review","Names/assertions/guards contract review; targeted fixture/lifecycle body review; not every test line","IK, rig, presentation source","R10;Section 3","1755b8390068fdd13d14a7518f2afcecadb437aad9810e3736caa6eb573b9636"
"Source/Project_JCharacter/Private/Tests/Project_JStopIdleTests.cpp","189","New diagnostic/test review","Names/assertions/guards contract review; targeted fixture/lifecycle body review; not every test line","Module/interface/shared contracts","Section 3","6aed0438cad85a4ab307f23e329d1cd3bc8979fd2e15920aeb611751a6a9756c"
"Source/Project_JCharacter/Private/Tests/Project_JSystemsModernizationTests.cpp","189","New diagnostic/test review","Names/assertions/guards contract review; targeted fixture/lifecycle body review; not every test line","Runtime contract tests","R13","de7875860b604753e035266825faea7bff3d955b6144aec11ac6bb8426833867"
"Source/Project_JCharacter/Private/Tests/Project_JTargetScoringComponentTests.cpp","138","New diagnostic/test review","Names/assertions/guards contract review; targeted fixture/lifecycle body review; not every test line","NPC decision/action/navigation and scoring","R11;R12;Section 3","d5eabaaccdb8e3256f7e341f1f88d86a53763d6371d5b58acf4cd1002c527cc6"
"Source/Project_JCharacter/Private/Tests/Project_JUpdateOwnershipTests.cpp","112","New diagnostic/test review","Names/assertions/guards contract review; targeted fixture/lifecycle body review; not every test line","Module/interface/shared contracts","Section 3","e90d5a86e50f79ac5d51bb8435b67e1ae6043ffa5e0bbf4dd49a6d5be4c5dd98"
"Source/Project_JCharacter/Private/Tests/Project_JWeaponAttackLifetimeTests.cpp","66","New diagnostic/test review","Names/assertions/guards contract review; targeted fixture/lifecycle body review; not every test line","Module/interface/shared contracts","Section 3","af6ae5cd4760a9e760ba1b21feb5c8965264baad81a8528fc08b9068ab378615"
"Source/Project_JCharacter/Private/Tests/Project_JWeaponPresentationIdentityTests.cpp","89","New diagnostic/test review","Names/assertions/guards contract review; targeted fixture/lifecycle body review; not every test line","Module/interface/shared contracts","Section 3","d90a958dfeaface9bc7371f446fad9dae772a5c2058cf8175068cf45ce37dc94"
"Source/Project_JCharacter/Private/UI/Project_JCharacterUIBindingComponent.cpp","214","Prior detailed area","Prior audit scope inherited; not re-read in full this pass","Module/interface/shared contracts","Prior Character Architecture Maturity Audit","367262ce564b122347d9af67bd97aafc4916bc7c0fe7c19a08eeeb20a6efa216"
"Source/Project_JCharacter/Private/UI/Project_JCharacterViewModel.cpp","48","New source review","Implementation/header/build body and connected runtime contract review","Module/interface/shared contracts","Section 3","f9c4866d01d9f9fbd80cd4186a9588e901bc7da69c5ba716de67d7ed86478f8b"
"Source/Project_JCharacter/Private/Validation/Project_JDataValidation.cpp","23","New source review","Implementation/header/build body and connected runtime contract review","Module/interface/shared contracts","Section 3","c077c32060c806a0cb51d5d274476eb8c88c426f2a820398fd2a9d50e482b5cb"
"Source/Project_JCharacter/Project_JCharacter.Build.cs","51","New source review","Implementation/header/build body and connected runtime contract review","Module/interface/shared contracts","Section 3","423cc9489668208387109172f4b7bcf18504f92a215e47a7e227127a23aa6c4d"
"Source/Project_JCharacter/Public/AbilitySystem/Project_JAbilitySet.h","91","Prior detailed area","Prior audit scope inherited; not re-read in full this pass","Module/interface/shared contracts","Prior Character Architecture Maturity Audit","a5270d7560f33848758cf9944df0b75358067b7ac4ee57b95bf12b6fac9a6980"
"Source/Project_JCharacter/Public/Animation/Project_JAnimationBudgetTypes.h","86","New source review","Implementation/header/build body and connected runtime contract review","Budgeting and visual lifetime","R12;Section 3","f9d03c934f0b7a42e49279aa9a384d6fc54b8680a3474d413621681001095077"
"Source/Project_JCharacter/Public/Animation/Project_JAnimationLocomotionMode.h","19","New source review","Implementation/header/build body and connected runtime contract review","Module/interface/shared contracts","Section 3","e4e09f64f1d335acd9c43b2a5c7c8235f8105a045c0d05fb0419ef76e724d2d0"
"Source/Project_JCharacter/Public/Animation/Project_JAnimationProfileValidation.h","24","Prior detailed area","Prior audit scope inherited; not re-read in full this pass","Module/interface/shared contracts","Prior Character Architecture Maturity Audit","1c207c47fcc1ddd0e68b5f0705101815207f3294731bccf99dc481f69bdf5fcb"
"Source/Project_JCharacter/Public/Animation/Project_JAnimationUpdateSchedule.h","23","New source review","Implementation/header/build body and connected runtime contract review","Module/interface/shared contracts","Section 3","6be5f87d732921d399e36405fb3ca603542cfa374a1c28e5d8a7e1a781589dea"
"Source/Project_JCharacter/Public/Animation/Project_JAnimNode_GuidedHandIK.h","119","New source review","Implementation/header/build body and connected runtime contract review","IK, rig, presentation source","R10;Section 3","bd76917b1d86038ff1c169196fb99a544b6136ce0238be9a04f7b5f0b85ce22f"
"Source/Project_JCharacter/Public/Animation/Project_JAnimNotify_SendGameplayEvent.h","27","New source review","Implementation/header/build body and connected runtime contract review","Animation events and execution ownership","R04","ffa237107e4d70604ad58c54b9136c50617dc96676336b27eb756805cc81af8a"
"Source/Project_JCharacter/Public/Animation/Project_JAnimNotify_SheatheWeapon.h","15","New source review","Implementation/header/build body and connected runtime contract review","Animation events and execution ownership","R04","2386fabbf03000f232135c140136f60853e4e14443489d3b0cb1b783b2aff95f"
"Source/Project_JCharacter/Public/Animation/Project_JAnimNotify_WeaponPresentation.h","25","New source review","Implementation/header/build body and connected runtime contract review","Animation events and execution ownership","R04","bb4cb7f23ef0702f340ed5425987171cd92cdd23370223a4cb68b4b2c9d5de4a"
"Source/Project_JCharacter/Public/Animation/Project_JAnimNotifyState_CombatPresentationCue.h","21","New source review","Implementation/header/build body and connected runtime contract review","Animation events and execution ownership","R04","a5b53a723cc338f03eb789cedb0e25281316d29c578df964e903d7940544b053"
"Source/Project_JCharacter/Public/Animation/Project_JAnimNotifyState_ComboWindow.h","23","New source review","Implementation/header/build body and connected runtime contract review","Animation events and execution ownership","R04","fb0a69e843ad2015ff0e8df8f2b009637f0903e17db80305cb441c303357f057"
"Source/Project_JCharacter/Public/Animation/Project_JAnimNotifyState_LocomotionEarlyTransition.h","34","New source review","Implementation/header/build body and connected runtime contract review","Animation events and execution ownership","R04","10a85e3782050e16eb4af940c8086322aa6c3f0ff90760f8576156bb7117dc27"
"Source/Project_JCharacter/Public/Animation/Project_JAnimNotifyState_MeleeHit.h","51","New source review","Implementation/header/build body and connected runtime contract review","Animation events and execution ownership","R04","b5505f01f94ae07286773a638398a4b4a4bfaa7192f1c0654280d6de805e2c78"
"Source/Project_JCharacter/Public/Animation/Project_JAnimNotifyState_TwoHandIK.h","35","New source review","Implementation/header/build body and connected runtime contract review","Animation events and execution ownership","R04","0a0168724c8a7f9d4c38b28a152bc0f9cc4f6452e966d545ec5a632a5977f120"
"Source/Project_JCharacter/Public/Animation/Project_JAnimNotifyState_WeaponGroundContact.h","19","New source review","Implementation/header/build body and connected runtime contract review","Animation events and execution ownership","R04","f33a986345b9faeb45336fa0cbcac1ec76fdd9d81ffecb9de962c44e54414be2"
"Source/Project_JCharacter/Public/Animation/Project_JAnimNotifyState_WeaponMotion.h","56","New source review","Implementation/header/build body and connected runtime contract review","Animation events and execution ownership","R04","9acc51b367622077edf6b91189d762c053333a1953722088dcf5ec2f45acc911"
"Source/Project_JCharacter/Public/Animation/Project_JBudgetedSkeletalMeshComponent.h","65","Prior detailed area","Prior audit scope inherited; not re-read in full this pass","Budgeting and visual lifetime","Prior Character Architecture Maturity Audit","297b9d52c2bc38df053c4feacc36f85cec36f8fe1d77252f100dc99910038fb5"
"Source/Project_JCharacter/Public/Animation/Project_JCharacterAnimInstance.h","1645","Prior detailed area","Prior audit scope inherited; not re-read in full this pass","Module/interface/shared contracts","Prior Character Architecture Maturity Audit","bd9f99fbd0e1339b09d6dac1bf11665a2d33c53c1dc923d995eab8f563080a0c"
"Source/Project_JCharacter/Public/Animation/Project_JCharacterAnimInstanceBase.h","66","Prior detailed area","Prior audit scope inherited; not re-read in full this pass","Module/interface/shared contracts","Prior Character Architecture Maturity Audit","b3ab76989fb193b8a34dff39892ff72e2851543a490079b416ff84b08b5fc51b"
"Source/Project_JCharacter/Public/Animation/Project_JCharacterAnimProfile.h","38","Prior detailed area","Prior audit scope inherited; not re-read in full this pass","Module/interface/shared contracts","Prior Character Architecture Maturity Audit","0010a586d330f2bbc7d1d3e695cf4612914b48b9fe0e75e13edc84c215305856"
"Source/Project_JCharacter/Public/Animation/Project_JCombatAnimProfile.h","110","Prior detailed area","Prior audit scope inherited; not re-read in full this pass","Module/interface/shared contracts","Prior Character Architecture Maturity Audit","e1b7c9928551c2c0123c3e0141805a436d70623f50b1f1110a590a3e638f5298"
"Source/Project_JCharacter/Public/Animation/Project_JGuidedArmChain.h","26","New source review","Implementation/header/build body and connected runtime contract review","IK, rig, presentation source","R10;Section 3","45890b22559d084468e2b7db43547fad80e67721544eb0d7bb05bb7c2d4fb990"
"Source/Project_JCharacter/Public/Animation/Project_JGuidedArmSolver.h","50","New source review","Implementation/header/build body and connected runtime contract review","IK, rig, presentation source","R10;Section 3","80e22a00b0b456cce0493eaa8806fddc2992f85738d7ae310c8561c67a4fd758"
"Source/Project_JCharacter/Public/Animation/Project_JHandContact.h","41","New source review","Implementation/header/build body and connected runtime contract review","IK, rig, presentation source","R10;Section 3","503a8a9c59fc9be34c7406cfca0c7995bbc97e67b0483ef721ea39bb9fb6719c"
"Source/Project_JCharacter/Public/Animation/Project_JHandGripProfile.h","101","Prior detailed area","Prior audit scope inherited; not re-read in full this pass","Module/interface/shared contracts","Prior Character Architecture Maturity Audit","c40f3ecd60fa83b387e82d9a63c058a08231141dd212c5a990b7d7e4ea91218f"
"Source/Project_JCharacter/Public/Animation/Project_JLocomotionContextBuilder.h","73","Prior detailed area","Prior audit scope inherited; not re-read in full this pass","Module/interface/shared contracts","Prior Character Architecture Maturity Audit","e07cf9f486838969092c140cf11731fee15696e94040b2e20bbce1e3879282ff"
"Source/Project_JCharacter/Public/Animation/Project_JLocomotionProfile.h","528","Prior detailed area","Prior audit scope inherited; not re-read in full this pass","Module/interface/shared contracts","Prior Character Architecture Maturity Audit","85da59882678920ccd2d40b6d2fc012c0df3562ad041a0fbdbd3a858bbe99efa"
"Source/Project_JCharacter/Public/Animation/Project_JMotionMatchingAssetSet.h","93","Prior detailed area","Prior audit scope inherited; not re-read in full this pass","Module/interface/shared contracts","Prior Character Architecture Maturity Audit","816fa759d1a53e4793ff4b612665f6aeea5faf03c56523cffb81e4a72728f2fc"
"Source/Project_JCharacter/Public/Animation/Project_JMotionMatchingCVars.h","19","New diagnostic/test review","Names/assertions/guards contract review; targeted fixture/lifecycle body review; not every test line","Module/interface/shared contracts","Section 3","cd23b27c8ef2b28c31655f8cbb4ee30e809a8167b99129e6e30fc4547f6b52a8"
"Source/Project_JCharacter/Public/Animation/Project_JMotionMatchingRuntime.h","57","Prior detailed area","Prior audit scope inherited; not re-read in full this pass","Module/interface/shared contracts","Prior Character Architecture Maturity Audit","40987418a4b04cc025610a030b98246496fd30a76016ac43f7e63c4420ea9112"
"Source/Project_JCharacter/Public/Animation/Project_JMotionMatchingSelectionPolicy.h","71","Prior detailed area","Prior audit scope inherited; not re-read in full this pass","Module/interface/shared contracts","Prior Character Architecture Maturity Audit","e9784c76b1e59f0303e08ec0e147c5ee42d28e08ef96bf3232c1727c8c207d89"
"Source/Project_JCharacter/Public/Animation/Project_JMotionMatchingTrajectoryComponent.h","105","Prior detailed area","Prior audit scope inherited; not re-read in full this pass","Module/interface/shared contracts","Prior Character Architecture Maturity Audit","7038fdc990ba7a7fa38b45b05586dd20c638a057dcd86b18dcac52c594d876f3"
"Source/Project_JCharacter/Public/Animation/Project_JRemoteLocomotionRuntime.h","76","Prior detailed area","Prior audit scope inherited; not re-read in full this pass","Module/interface/shared contracts","Prior Character Architecture Maturity Audit","89d0fc0df6a65d0cd611fcbccee861221ec259bec12a614edb3549c8899833c1"
"Source/Project_JCharacter/Public/Animation/Project_JReplicatedAnimEventTypes.h","83","Prior detailed area","Prior audit scope inherited; not re-read in full this pass","Module/interface/shared contracts","Prior Character Architecture Maturity Audit","d9fc44e08bf568e53b0b7958d8ebef346cf127c50b1024324bfbc71e0a5cc999"
"Source/Project_JCharacter/Public/Animation/Project_JReplicatedJumpState.h","52","Prior detailed area","Prior audit scope inherited; not re-read in full this pass","Module/interface/shared contracts","Prior Character Architecture Maturity Audit","e3a13233550a67f265f10e48ad0918461893b0c26409f7ce3ca6f90b6a89fc85"
"Source/Project_JCharacter/Public/Animation/Project_JRetargetAnimInstance.h","202","New source review","Implementation/header/build body and connected runtime contract review","IK, rig, presentation source","R10;Section 3","feee430b65663067417ed9bb5af1784db7b3a4a1325e7e859adb257fe2a1e5f1"
"Source/Project_JCharacter/Public/Animation/Project_JStateControllerRuntime.h","330","Prior detailed area","Prior audit scope inherited; not re-read in full this pass","Module/interface/shared contracts","Prior Character Architecture Maturity Audit","573244d2f132c976456cdc75e32dc1f9ae30745e8ae71182ccd07d1306ceb5fd"
"Source/Project_JCharacter/Public/Animation/Project_JTurnInPlacePresentationRuntime.h","100","Prior detailed area","Prior audit scope inherited; not re-read in full this pass","Module/interface/shared contracts","Prior Character Architecture Maturity Audit","f1abbef4f0f4ec541c04384eb0f0f09ded0380153c50dcd5c7f5a2bcdccb58a5"
"Source/Project_JCharacter/Public/Animation/Project_JWeaponAnimProfile.h","77","Prior detailed area","Prior audit scope inherited; not re-read in full this pass","Module/interface/shared contracts","Prior Character Architecture Maturity Audit","059016e86757bc6302382ad4e5c2febc2a0958f4f621f5d25b32f35616e95821"
"Source/Project_JCharacter/Public/Camera/Project_JCameraComponent.h","94","Prior detailed area","Prior audit scope inherited; not re-read in full this pass","Module/interface/shared contracts","Prior Character Architecture Maturity Audit","2bf9db371a942ffc553bda89224dba92758c87bfa51064797b357eb34190db68"
"Source/Project_JCharacter/Public/CharacterClass/Project_JCharacterClassDefinition.h","106","Prior detailed area","Prior audit scope inherited; not re-read in full this pass","Module/interface/shared contracts","Prior Character Architecture Maturity Audit","83f0f5d4e06888aaf6d9d96b0e5a7007c5d55e5b7bbcbfee3505dedd9b2a4ce1"
"Source/Project_JCharacter/Public/CharacterClass/Project_JCharacterDataSubsystem.h","61","Prior detailed area","Prior audit scope inherited; not re-read in full this pass","Module/interface/shared contracts","Prior Character Architecture Maturity Audit","6ec42639b36faae9b91dfda60bcd7b380a97abcfe143c48c47cb86b7ad6b2ea7"
"Source/Project_JCharacter/Public/CharacterClass/Project_JProgressionComponent.h","68","Prior detailed area","Prior audit scope inherited; not re-read in full this pass","Module/interface/shared contracts","Prior Character Architecture Maturity Audit","a73e9d0115e902e4342f5c0c9e13e852874f1f36b895c0f580e2b0317d21a33f"
"Source/Project_JCharacter/Public/Combat/Project_JAttackDefinition.h","128","Prior detailed area","Prior audit scope inherited; not re-read in full this pass","Module/interface/shared contracts","Prior Character Architecture Maturity Audit","7d0cc26367ecd0186bf8cb06416f8fc08af83a8b3446fc446e8346c28856cc0a"
"Source/Project_JCharacter/Public/Combat/Project_JCombatCommandSet.h","95","Prior detailed area","Prior audit scope inherited; not re-read in full this pass","Module/interface/shared contracts","Prior Character Architecture Maturity Audit","971dbca4b69400c80ec6f66c298595fd97933f4090f57b1e813f25a63cf014e3"
"Source/Project_JCharacter/Public/Combat/Project_JCombatConfiguration.h","25","Prior detailed area","Prior audit scope inherited; not re-read in full this pass","Module/interface/shared contracts","Prior Character Architecture Maturity Audit","ba55d0e32a71f46c68dd6f273e92ce0b79745528c6dd2cfbf7489aeadf97e000"
"Source/Project_JCharacter/Public/Combat/Project_JCombatHitValidation.h","148","Prior detailed area","Prior audit scope inherited; not re-read in full this pass","Module/interface/shared contracts","Prior Character Architecture Maturity Audit","4548e238c60241455b3191b0a3cc54c7d8a643cdca5603e6cede4efbf9d5f81f"
"Source/Project_JCharacter/Public/Combat/Project_JCombatMovementPolicy.h","39","Prior detailed area","Prior audit scope inherited; not re-read in full this pass","Module/interface/shared contracts","Prior Character Architecture Maturity Audit","0c8f65a233fff57585af109714b382de087ae840a99721dbd477bbc34dc88d0b"
"Source/Project_JCharacter/Public/Combat/Project_JCombatPresentationSet.h","104","Prior detailed area","Prior audit scope inherited; not re-read in full this pass","Module/interface/shared contracts","Prior Character Architecture Maturity Audit","b897624cfb58f3e7099584178d14f998a13214c0947b30aa165789aed3ef69cd"
"Source/Project_JCharacter/Public/Combat/Project_JCombatStyleDefinition.h","90","Prior detailed area","Prior audit scope inherited; not re-read in full this pass","Module/interface/shared contracts","Prior Character Architecture Maturity Audit","8890419ac0bfae630e72edf5c0dc9622acd9768561e85d0f5183d88366fc694c"
"Source/Project_JCharacter/Public/Combat/Project_JCombatTypes.h","63","Prior detailed area","Prior audit scope inherited; not re-read in full this pass","Module/interface/shared contracts","Prior Character Architecture Maturity Audit","6ece1e9d0caba68c3816317196fb72cd1ad112d3e1a892132480c1dff83b1849"
"Source/Project_JCharacter/Public/Combat/Project_JComboDefinition.h","85","Prior detailed area","Prior audit scope inherited; not re-read in full this pass","Module/interface/shared contracts","Prior Character Architecture Maturity Audit","420e99769a7d079fa8516c4ed5445630fb6a4290d2aeb6ffd79e5824f1ca1576"
"Source/Project_JCharacter/Public/Combat/Project_JGameplayAbility_CombatToggle.h","28","New source review","Implementation/header/build body and connected runtime contract review","Module/interface/shared contracts","Section 3","37ae65e8474a58b481f1c97d26a9006dc43b005d836b7578190910ab46e05d6a"
"Source/Project_JCharacter/Public/Combat/Project_JGameplayAbility_Melee.h","91","Prior detailed area","Prior audit scope inherited; not re-read in full this pass","Module/interface/shared contracts","Prior Character Architecture Maturity Audit","5d3f32e3ac6584667dc511a4ef8f5140e101c84bb1801b9e86e349a7dc342a33"
"Source/Project_JCharacter/Public/Combat/Project_JGameplayAbility_NPCAttack.h","48","New source review","Implementation/header/build body and connected runtime contract review","NPC decision/action/navigation and scoring","R11;R12;Section 3","2792e8f38c5e1a2aa4906436683a4beadefd28bb8fe02bb4bf289ad1dd2bb50a"
"Source/Project_JCharacter/Public/Combat/Project_JGameplayAbility_Sprint.h","34","New source review","Implementation/header/build body and connected runtime contract review","Module/interface/shared contracts","Section 3","6ae0322150cb5d943bb5c79483c3b08b53e280020927d00d05582d4ca29ee7c9"
"Source/Project_JCharacter/Public/Combat/Project_JGameplayEffect_CombatMode.h","22","Prior detailed area","Prior audit scope inherited; not re-read in full this pass","Module/interface/shared contracts","Prior Character Architecture Maturity Audit","8c42549e6dabc42c258e9c7fb6683b94406fa920e64755f4ccafc28bb60c04f4"
"Source/Project_JCharacter/Public/Combat/Project_JServerSideRewindComponent.h","77","Prior detailed area","Prior audit scope inherited; not re-read in full this pass","Module/interface/shared contracts","Prior Character Architecture Maturity Audit","9bc7a48d2b9131a6ec7f5dd418cfb142442d5c030d8343c83dc3448fe440f1f6"
"Source/Project_JCharacter/Public/Components/Project_JAnimationUpdateCoordinatorComponent.h","36","Prior detailed area","Prior audit scope inherited; not re-read in full this pass","Module/interface/shared contracts","Prior Character Architecture Maturity Audit","02d713f3735e41ae144f90e459395139030e34b0a0797a94300f6a977f35dc0c"
"Source/Project_JCharacter/Public/Components/Project_JCombatAnimationLayerComponent.h","64","Prior detailed area","Prior audit scope inherited; not re-read in full this pass","Module/interface/shared contracts","Prior Character Architecture Maturity Audit","8e5743889245b1eb1bf6781c914f51532e719d0cb79531c7a356576e9bfb5837"
"Source/Project_JCharacter/Public/Components/Project_JCombatHitValidationComponent.h","138","Prior detailed area","Prior audit scope inherited; not re-read in full this pass","Module/interface/shared contracts","Prior Character Architecture Maturity Audit","9bcb22e4fc308c566d006720fa8e2a4082da026b18055707107842abc4f1f2a9"
"Source/Project_JCharacter/Public/Components/Project_JCombatIntroComponent.h","66","Prior detailed area","Prior audit scope inherited; not re-read in full this pass","Module/interface/shared contracts","Prior Character Architecture Maturity Audit","ff9463ac421f8bb033a88dc8c6045d00edee8c341ce802507d68c1943cedafeb"
"Source/Project_JCharacter/Public/Components/Project_JCombatPresentationComponent.h","113","Prior detailed area","Prior audit scope inherited; not re-read in full this pass","Module/interface/shared contracts","Prior Character Architecture Maturity Audit","fd0e476138d8ddbb8a1a90ded9367808a5ad6e148e44995a59fe3b123451c251"
"Source/Project_JCharacter/Public/Components/Project_JCombatStateComponent.h","56","Prior detailed area","Prior audit scope inherited; not re-read in full this pass","Module/interface/shared contracts","Prior Character Architecture Maturity Audit","1559b2d3a11b2688ea30f5a07e46e7e78651af3d20a1113e886578d3db11473b"
"Source/Project_JCharacter/Public/Components/Project_JEquipmentManagerComponent.h","154","Prior detailed area","Prior audit scope inherited; not re-read in full this pass","Module/interface/shared contracts","Prior Character Architecture Maturity Audit","c54e31dc8b3b2b6e3dda159915724a09bc41d7989336de6115c3a8f290c45e42"
"Source/Project_JCharacter/Public/Components/Project_JEquipmentRuntimeComponent.h","116","Prior detailed area","Prior audit scope inherited; not re-read in full this pass","Module/interface/shared contracts","Prior Character Architecture Maturity Audit","af9b66744102e65d938595360fbc9f78dabef2c8b90d09dc210f21ab70cf8985"
"Source/Project_JCharacter/Public/Components/Project_JInventoryComponent.h","132","Prior detailed area","Prior audit scope inherited; not re-read in full this pass","Module/interface/shared contracts","Prior Character Architecture Maturity Audit","2f87bfb9b52c0177ddc2b98f258052c388cbe7f167df6df60ef59dc05d587229"
"Source/Project_JCharacter/Public/Components/Project_JModularMeshComponent.h","31","Prior detailed area","Prior audit scope inherited; not re-read in full this pass","Module/interface/shared contracts","Prior Character Architecture Maturity Audit","c1108028f33b9d42ddfcf046b14088857d1c22e9fcb4c06d2fb695bb41ee8e49"
"Source/Project_JCharacter/Public/Components/Project_JMountedAnimationLayerComponent.h","62","Prior detailed area","Prior audit scope inherited; not re-read in full this pass","Module/interface/shared contracts","Prior Character Architecture Maturity Audit","486091fcfa8c8791b40ffd48413d792e300cce0c7a802dba58ac6cca54b7ee8f"
"Source/Project_JCharacter/Public/Components/Project_JNPCActionComponent.h","100","New source review","Implementation/header/build body and connected runtime contract review","NPC decision/action/navigation and scoring","R11;R12;Section 3","58e56e093a2aa090b14ae096228c1f6bd31652c558967edd0155eda5fedba574"
"Source/Project_JCharacter/Public/Components/Project_JPlayerInputBindingComponent.h","146","Prior detailed area","Prior audit scope inherited; not re-read in full this pass","Module/interface/shared contracts","Prior Character Architecture Maturity Audit","26d34c77dddb5135565c166f507bb1e5f802a8ee807aa088cb57f087eec57141"
"Source/Project_JCharacter/Public/Components/Project_JReplicatedAnimEventComponent.h","106","Prior detailed area","Prior audit scope inherited; not re-read in full this pass","Module/interface/shared contracts","Prior Character Architecture Maturity Audit","a9adc1948c79d02b396df92c80c14e9bdca07ab84777c97f5b9c00a1f416fda1"
"Source/Project_JCharacter/Public/Components/Project_JReplicatedJumpStateComponent.h","56","Prior detailed area","Prior audit scope inherited; not re-read in full this pass","Module/interface/shared contracts","Prior Character Architecture Maturity Audit","4c875a4d9a5508682279c92e700291d48168de41e1cfde19004e33b2728988d8"
"Source/Project_JCharacter/Public/Components/Project_JSkillInputExecutionComponent.h","83","Prior detailed area","Prior audit scope inherited; not re-read in full this pass","Module/interface/shared contracts","Prior Character Architecture Maturity Audit","4d48c8beedf1273825b6e0b46c72994ceb6f48a9fb64db871c75734b14bcc4af"
"Source/Project_JCharacter/Public/Components/Project_JSkillInputRouterComponent.h","185","Prior detailed area","Prior audit scope inherited; not re-read in full this pass","Module/interface/shared contracts","Prior Character Architecture Maturity Audit","ff3e06005dd10d4ebdf671739f2d0d7df175557d608e66b728a29aee62b5c6c8"
"Source/Project_JCharacter/Public/Components/Project_JTargetScoringComponent.h","84","New source review","Implementation/header/build body and connected runtime contract review","NPC decision/action/navigation and scoring","R11;R12;Section 3","835ff8a5afe159949329363b9644dc8f4818f7c95da81a00188db8f689d6c7d6"
"Source/Project_JCharacter/Public/Components/Project_JWeaponPresentationComponent.h","361","Prior detailed area","Prior audit scope inherited; not re-read in full this pass","Module/interface/shared contracts","Prior Character Architecture Maturity Audit","35811d344a6e8c557901037b782d38f713a34f77699fc5570d9036550ab618d0"
"Source/Project_JCharacter/Public/Equipment/Project_JEquipmentItemDefinition.h","82","Prior detailed area","Prior audit scope inherited; not re-read in full this pass","Module/interface/shared contracts","Prior Character Architecture Maturity Audit","2cb4a8ba4c21b8bcc6a3ffd4258ed30249caf92c0f0235ddbc435ab6410c1b9b"
"Source/Project_JCharacter/Public/Equipment/Project_JEquipmentTypes.h","94","Prior detailed area","Prior audit scope inherited; not re-read in full this pass","Module/interface/shared contracts","Prior Character Architecture Maturity Audit","d2c36bcdf203c6a268f50db7c6fcaf4f7ea98a887a6d6b5d85abc7189faaf239"
"Source/Project_JCharacter/Public/Equipment/Project_JWeaponMotionTypes.h","134","Prior detailed area","Prior audit scope inherited; not re-read in full this pass","Module/interface/shared contracts","Prior Character Architecture Maturity Audit","35615eeaca50b57e4bb85342f038424094862eb5f211e5ff31ad1ae362487936"
"Source/Project_JCharacter/Public/Equipment/Project_JWeaponPresentationActor.h","37","New source review","Implementation/header/build body and connected runtime contract review","Module/interface/shared contracts","Section 3","110334f8378730a744a005407f16796d7f6918beea6a0ad5b79ba9f810334e55"
"Source/Project_JCharacter/Public/Equipment/Project_JWeaponPresentationProfile.h","199","Prior detailed area","Prior audit scope inherited; not re-read in full this pass","Module/interface/shared contracts","Prior Character Architecture Maturity Audit","5e9386090fc7de7a530a0d445863cf835267e6cbf54c4210b32cb237f6cfae65"
"Source/Project_JCharacter/Public/Features/Project_JGameFeatureReceiver.h","36","New source review","Implementation/header/build body and connected runtime contract review","Module/interface/shared contracts","Section 3","135f6f983b08453408e3b000fe79ac03bc84d1847855bf40592c5fac571638b3"
"Source/Project_JCharacter/Public/Inventory/Project_JItemDefinition.h","34","Prior detailed area","Prior audit scope inherited; not re-read in full this pass","Module/interface/shared contracts","Prior Character Architecture Maturity Audit","3fc8697812ef8688a809aca98232794f406547fc53c27ad67224c0f299f268e8"
"Source/Project_JCharacter/Public/Inventory/Project_JItemInstanceTypes.h","35","Prior detailed area","Prior audit scope inherited; not re-read in full this pass","Module/interface/shared contracts","Prior Character Architecture Maturity Audit","f423a5aca44214cd1970c1a35e8ec444d41a3cd8d9524947d2e31cbf81e22e27"
"Source/Project_JCharacter/Public/Mass/Project_JMassMonster_Trait.h","42","New source review","Implementation/header/build body and connected runtime contract review","Mass representation/movement","R02;R12","277968a536e81cc669bcd42a53496317e8d99fe1f4071c0a04d5e98007a61be8"
"Source/Project_JCharacter/Public/Mass/Project_JMassMonsterSpawner.h","23","New source review","Implementation/header/build body and connected runtime contract review","Mass representation/movement","R02;R12","9c66371bbc344cf1d7dbac51d88468891b2b0aa137c65784b6cd920a985c9ed0"
"Source/Project_JCharacter/Public/Mass/Project_JMassMovementProcessor.h","44","New source review","Implementation/header/build body and connected runtime contract review","Mass representation/movement","R02;R12","5f4322c5b9675fb16f6e460ef57df3fefa436856881389d74854b477221a405c"
"Source/Project_JCharacter/Public/Mass/Project_JMassRepresentationSubsystem.h","82","New source review","Implementation/header/build body and connected runtime contract review","Mass representation/movement","R02;R12","0c2953645d263584d45b72fb9360cbf68d920a4ae81f31f49dcd9e9f1d682c99"
"Source/Project_JCharacter/Public/Mount/Project_JMountItemDefinition.h","24","Prior detailed area","Prior audit scope inherited; not re-read in full this pass","Module/interface/shared contracts","Prior Character Architecture Maturity Audit","1e1d25e8bd834adcdf30715b47db248893d1efa02e4c483e531d6c381b361a61"
"Source/Project_JCharacter/Public/Network/Project_JHandoverSerializable.h","34","New source review","Implementation/header/build body and connected runtime contract review","Module/interface/shared contracts","Section 3","1ba7b208d87091b8c1e3dfbbb41b1b6a407a76133b837138664aa312537d4937"
"Source/Project_JCharacter/Public/Network/Project_JNetObjectFilter_Distance.h","52","New source review","Implementation/header/build body and connected runtime contract review","Module/interface/shared contracts","Section 3","dfe754f0a363bd201713de962feec095e016d71e330340df1b76fa4ef6d2d1fe"
"Source/Project_JCharacter/Public/Network/Project_JNetObjectPrioritizer_Combat.h","45","New source review","Implementation/header/build body and connected runtime contract review","Module/interface/shared contracts","Section 3","178ed9d18022459400b968b634b154f66ec0de681bf1b6af16f052543eecf02a"
"Source/Project_JCharacter/Public/Optimization/Project_JNPCDecisionExperiment.h","23","New diagnostic/test review","Names/assertions/guards contract review; targeted fixture/lifecycle body review; not every test line","NPC decision/action/navigation and scoring","R11;R12;Section 3","df625e987641192783277fa4a3bdbf679539465606f879432c188ed4837d85c8"
"Source/Project_JCharacter/Public/Optimization/Project_JNPCUpdateBudget.h","41","New source review","Implementation/header/build body and connected runtime contract review","Budgeting and visual lifetime","R12;Section 3","c8f50bec5a711746cb8c832f78b88c0593b1986fa78baf11e0b3713aa385c0d4"
"Source/Project_JCharacter/Public/Project_JBaseCharacter.h","149","Prior detailed area","Prior audit scope inherited; not re-read in full this pass","Module/interface/shared contracts","Prior Character Architecture Maturity Audit","2773828c36584f104ed241232d9e2c505b4149987ab6aa262da00b52e86ee360"
"Source/Project_JCharacter/Public/Project_JCharacter.h","11","New source review","Implementation/header/build body and connected runtime contract review","Module/interface/shared contracts","Section 3","76fc6bb5067f1b49a263b07e24a4d873a485baf6c48725e41f273450cccd6a6c"
"Source/Project_JCharacter/Public/Project_JDefaultAttributeSetData.h","37","Prior detailed area","Prior audit scope inherited; not re-read in full this pass","GAS resource invariants","Prior Character Architecture Maturity Audit","5c24b4e5069d539bb7dade9c4772d3cdc4dd3986f3c9df97e4dbffeab9184417"
"Source/Project_JCharacter/Public/Project_JGreatswordCharacter.h","23","Prior detailed area","Prior audit scope inherited; not re-read in full this pass","Module/interface/shared contracts","Prior Character Architecture Maturity Audit","028654f9f86f1bafe96d0b57f603626cd01192ab4df4c5fbb1863a5c3c15af67"
"Source/Project_JCharacter/Public/Project_JLocomotionAnimStateComponent.h","916","Prior detailed area","Prior audit scope inherited; not re-read in full this pass","Module/interface/shared contracts","Prior Character Architecture Maturity Audit","5ac164765a0a3e3ff60c505c172ec891b5fe8d3092bcfb8e27c7aa14f04a9976"
"Source/Project_JCharacter/Public/Project_JLocomotionAnimStateComponentBase.h","59","Prior detailed area","Prior audit scope inherited; not re-read in full this pass","Module/interface/shared contracts","Prior Character Architecture Maturity Audit","0fa4ed9c9e5ff0cdcc9b83060d1bfb4173b411cc512dd0e9a683d939908af743"
"Source/Project_JCharacter/Public/Project_JLocomotionAnimTypes.h","171","Prior detailed area","Prior audit scope inherited; not re-read in full this pass","Module/interface/shared contracts","Prior Character Architecture Maturity Audit","8f2f8eff1151944d26f47ca7e2f1db5fbbca66bad5c810780eed1210a83a1b9f"
"Source/Project_JCharacter/Public/Project_JNPCCharacter.h","48","New source review","Implementation/header/build body and connected runtime contract review","NPC decision/action/navigation and scoring","R11;R12;Section 3","9d86c9101db12d6d769706c9ff0a977ef6795652309c18cbb161586ec9a0aa77"
"Source/Project_JCharacter/Public/Project_JPlayerCharacter.h","623","Prior detailed area","Prior audit scope inherited; not re-read in full this pass","Module/interface/shared contracts","Prior Character Architecture Maturity Audit","55b147768d6d83755b4be31e990545a026779aa6b27552a004449becd2ef5c36"
"Source/Project_JCharacter/Public/System/Project_JCharacterAnimationBudgetSubsystem.h","35","New source review","Implementation/header/build body and connected runtime contract review","Budgeting and visual lifetime","R12;Section 3","817eff3c68061ddf732390253654a031c736e2195c5b8d93b36ce0f111502a02"
"Source/Project_JCharacter/Public/System/Project_JNPCDecisionSubsystem.h","118","New source review","Implementation/header/build body and connected runtime contract review","NPC decision/action/navigation and scoring","R11;R12;Section 3","092ce8c2e8ce4e8c1cc24607a4643acac1ed06f0f46462ffb47e93b0f033f192"
"Source/Project_JCharacter/Public/System/Project_JNPCPathSubsystem.h","105","New source review","Implementation/header/build body and connected runtime contract review","NPC decision/action/navigation and scoring","R11;R12;Section 3","05d1b772ec772a7672d0b0b466cd4bb61898ad32ff59989d7b5ef33ee69b8f12"
"Source/Project_JCharacter/Public/System/Project_JPresentationBudgetSubsystem.h","41","New source review","Implementation/header/build body and connected runtime contract review","Budgeting and visual lifetime","R12;Section 3","ce3db838e8c800b74f562620c3bb33f2da218b8b83ef9d908d579d667a0bbbb5"
"Source/Project_JCharacter/Public/UI/Project_JCharacterUIBindingComponent.h","79","Prior detailed area","Prior audit scope inherited; not re-read in full this pass","Module/interface/shared contracts","Prior Character Architecture Maturity Audit","45b4265f88f0de254edc798e82855da32806c412143dff3f2731288eecceecfa"
"Source/Project_JCharacter/Public/UI/Project_JCharacterViewModel.h","58","New source review","Implementation/header/build body and connected runtime contract review","Module/interface/shared contracts","Section 3","04dd4cebed199507778e554c298e627021049edbb971b338d3dabd35db80deb7"
"Source/Project_JCharacter/Public/Validation/Project_JDataValidation.h","14","New source review","Implementation/header/build body and connected runtime contract review","Module/interface/shared contracts","Section 3","4337cd17ae88cf61c3b5ced8cb0ecda71fcdf6e113ee0ea7f5872b2b2a9aedc1"
"Source/Project_JCharacterEditor/Private/Animation/Project_JBlueprintGraphDiagnostics.cpp","67","New diagnostic/test review","Names/assertions/guards contract review; targeted fixture/lifecycle body review; not every test line","Module/interface/shared contracts","Section 3","865ee0f2c93166dc9333b3e454995b7afa54a95a2d1505b5682baeb27f98d52e"
"Source/Project_JCharacterEditor/Private/Authoring/Project_JContentBundleAuthoring.cpp","229","New source review","Implementation/header/build body and connected runtime contract review","Content authoring","R10","9585b1858424b057b930596478864a09ead9b4ac360604834b45eabb9892ba48"
"Source/Project_JCharacterEditor/Private/Authoring/Project_JContentBundleAuthoring.h","74","New source review","Implementation/header/build body and connected runtime contract review","Content authoring","R10","bb9730a7e3e2af1277af413eb386bc6ee79cedbbb0a598cd4d6b472a35653a79"
"Source/Project_JCharacterEditor/Private/Authoring/Project_JContentBundleMenu.cpp","136","New source review","Implementation/header/build body and connected runtime contract review","Content authoring","R10","2e8f974dc8e7f24c4fcd854eb05f7aaab85a9fecd534e52189cb78228a36cecc"
"Source/Project_JCharacterEditor/Private/Project_JCharacterEditorModule.cpp","474","New source review","Implementation/header/build body and connected runtime contract review","Weapon motion editor","R09","75825852520ea0fd588968256a43de1f858d28faabce6bcd0960f9c68811efb7"
"Source/Project_JCharacterEditor/Private/Tests/Project_JContentBundleAuthoringTests.cpp","127","New diagnostic/test review","Names/assertions/guards contract review; targeted fixture/lifecycle body review; not every test line","Module/interface/shared contracts","Section 3","eec24de067dee3af4891324888d217c50582380d5a37e7df7ccdf640f4249ff5"
"Source/Project_JCharacterEditor/Private/Tests/Project_JNPCNavigationIntegrationTests.cpp","310","New diagnostic/test review","Names/assertions/guards contract review; targeted fixture/lifecycle body review; not every test line","NPC decision/action/navigation and scoring","R11;R12;Section 3","2d7bba43ea56308a86cfb9cc82a7ca0ffd6d106e65a2814983ab288d21cb0ebc"
"Source/Project_JCharacterEditor/Private/Tests/Project_JNPCNavigationLoadTests.cpp","443","New diagnostic/test review","Names/assertions/guards contract review; targeted fixture/lifecycle body review; not every test line","NPC decision/action/navigation and scoring","R11;R12;Section 3","809fb28b99e3fd1339b16dc0715413ead56527d9082b7e4a9e31049a67df4424"
"Source/Project_JCharacterEditor/Project_JCharacterEditor.Build.cs","36","New source review","Implementation/header/build body and connected runtime contract review","Module/interface/shared contracts","Section 3","5e60ede97bb72dfcce7d60f15d6f01cd40fd86163de6d53ecad8249c244a58aa"
"Source/Project_JCore/Private/Interaction/Project_JInteractionTargetComponent.cpp","2","New source review","Implementation/header/build body and connected runtime contract review","Module/interface/shared contracts","Section 3","9885b152fa4a64d613b03d8feeb7f818b6d6d60855b4a3617d11d379adda19d0"
"Source/Project_JCore/Private/Optimization/Project_JTargetScoring.cpp","106","New source review","Implementation/header/build body and connected runtime contract review","NPC decision/action/navigation and scoring","R11;R12;Section 3","33cdcb0b7c684bcc14f8cb0c7760011b089afea92dd2725d19a6b3fa93093cdc"
"Source/Project_JCore/Private/Optimization/Project_JTargetSpatialSnapshot.cpp","85","New source review","Implementation/header/build body and connected runtime contract review","NPC decision/action/navigation and scoring","R11;R12;Section 3","949bf814396bada3569f762bd71da6b5375cf14ca3dbb2fa66d62096bb1e3a78"
"Source/Project_JCore/Private/Project_JCombatInterface.cpp","5","New source review","Implementation/header/build body and connected runtime contract review","Module/interface/shared contracts","Section 3","a920f91f3e8303c9b18c257074fb2469bee91644edc5c721bff081230e6f3f9e"
"Source/Project_JCore/Private/Project_JCore.cpp","21","New source review","Implementation/header/build body and connected runtime contract review","Module/interface/shared contracts","Section 3","dfa113b298d9e6438aaaa213ca033034693c04bce6e541e8e96038af6200c853"
"Source/Project_JCore/Private/Project_JGameplayTags.cpp","105","New source review","Implementation/header/build body and connected runtime contract review","Module/interface/shared contracts","Section 3","8498bd90b25a75ab4c352bf82ba34d09ee5d19afaadec8859c0a449b1beb1c17"
"Source/Project_JCore/Private/Project_JMMOTypes.cpp","125","New source review","Implementation/header/build body and connected runtime contract review","Module/interface/shared contracts","Section 3","e8cdbaa11734b43cb812e6ad97afee3eaccc45f63533ec725ccb9ec07e99ddf8"
"Source/Project_JCore/Private/Project_JSocialStateInterface.cpp","1","New source review","Implementation/header/build body and connected runtime contract review","Module/interface/shared contracts","Section 3","70f145fcdf157db5c5f2fe7627c6e125f123c4c041d61ac90d75fb20d6734fbf"
"Source/Project_JCore/Private/System/Project_JAssetManager.cpp","33","New source review","Implementation/header/build body and connected runtime contract review","Module/interface/shared contracts","Section 3","867e894ecf4928d57facf63e2f812b0cca83a5a101ddbb08943c791575fb24a5"
"Source/Project_JCore/Private/System/Project_JGameDataSubsystem.cpp","21","New source review","Implementation/header/build body and connected runtime contract review","Module/interface/shared contracts","Section 3","d15dadda753e42e576e4ee03e31df00106408e325bf53e0498ee95166b222893"
"Source/Project_JCore/Private/System/Project_JMessageSubsystem.cpp","55","New source review","Implementation/header/build body and connected runtime contract review","Module/interface/shared contracts","Section 3","c96f985d2607ba9875fd17bc9c79b31932ae6492e62a1a9f01b9032bb42a9ae9"
"Source/Project_JCore/Private/System/Project_JObjectPoolRegistrySubsystem.cpp","22","New source review","Implementation/header/build body and connected runtime contract review","Module/interface/shared contracts","Section 3","96cde0f81d75918fd771792eb043e52ffb17bd8c5517ddecbaef2343e2c0cc25"
"Source/Project_JCore/Private/System/Project_JTargetScoringSubsystem.cpp","261","New source review","Implementation/header/build body and connected runtime contract review","NPC decision/action/navigation and scoring","R11;R12;Section 3","9291ff99aff276f0dd8232cdc0f540f69cfcd23491bc51a127717ca325999b90"
"Source/Project_JCore/Private/System/Project_JVisualAssetSubsystem.cpp","178","New source review","Implementation/header/build body and connected runtime contract review","Budgeting and visual lifetime","R12;Section 3","86aad8c91b94fd814ca05becec64a7e0550aa3c526e33699655a81592403921a"
"Source/Project_JCore/Private/Tests/Project_JMessageRouterTests.cpp","36","New diagnostic/test review","Names/assertions/guards contract review; targeted fixture/lifecycle body review; not every test line","Module/interface/shared contracts","Section 3","b30ed5b85013129cd545cdc4353ede680274c43a4f03d66a83b4ba6dce2a150b"
"Source/Project_JCore/Private/Tests/Project_JMessageTestReceiver.h","18","New diagnostic/test review","Names/assertions/guards contract review; targeted fixture/lifecycle body review; not every test line","Module/interface/shared contracts","Section 3","8c5db506dc8b44bb527d8c587f1902cf08dff97d13c37e48cf8ebf8686352cbe"
"Source/Project_JCore/Private/Tests/Project_JTargetScoringBatchTests.cpp","158","New diagnostic/test review","Names/assertions/guards contract review; targeted fixture/lifecycle body review; not every test line","NPC decision/action/navigation and scoring","R11;R12;Section 3","17166595b6bb9c05a13196d6ec771b4504950b78446ef9e597b1ac8fc6237ff9"
"Source/Project_JCore/Private/Tests/Project_JTargetScoringTests.cpp","204","New diagnostic/test review","Names/assertions/guards contract review; targeted fixture/lifecycle body review; not every test line","NPC decision/action/navigation and scoring","R11;R12;Section 3","ca2c3313f3d2f545023665992d12f2663d1013e49d27922d548e35b130baf7b1"
"Source/Project_JCore/Private/Tests/Project_JTargetSpatialSnapshotTests.cpp","80","New diagnostic/test review","Names/assertions/guards contract review; targeted fixture/lifecycle body review; not every test line","NPC decision/action/navigation and scoring","R11;R12;Section 3","53b4c57a2f2b12ed66596f8f5c855c9c5b4ee5870b8cebb50ba20d76aac3ae0f"
"Source/Project_JCore/Private/Tests/Project_JVisualAssetTests.cpp","109","New diagnostic/test review","Names/assertions/guards contract review; targeted fixture/lifecycle body review; not every test line","Budgeting and visual lifetime","R12;Section 3","530aa5bf892fd2958ed00009606b3977b2365053c92cf7b301cc0ec8adcc6441"
"Source/Project_JCore/Project_JCore.Build.cs","18","New source review","Implementation/header/build body and connected runtime contract review","Module/interface/shared contracts","Section 3","ff26eb9427b50baac9e918beccfa3f83b736d3caad951ae83056a186ffa68138"
"Source/Project_JCore/Public/CombatDamageable.h","41","New source review","Implementation/header/build body and connected runtime contract review","Module/interface/shared contracts","Section 3","98b6e30da8e8c4abb907c2a7ac2a42db0c6554878b6e3cf61874c70da0848ec4"
"Source/Project_JCore/Public/Interaction/Project_JInteractable.h","13","New source review","Implementation/header/build body and connected runtime contract review","Module/interface/shared contracts","Section 3","26596bed37233370fb22b47b0e1abca6719932e06da49894a0615ed6476c5fb7"
"Source/Project_JCore/Public/Interaction/Project_JInteractionTargetComponent.h","21","New source review","Implementation/header/build body and connected runtime contract review","Module/interface/shared contracts","Section 3","0af8b86902745ca1c740d325bd25f8822d2dfd1eac2b30f7bcc3862ef22d86a5"
"Source/Project_JCore/Public/Optimization/Project_JGameplayAsyncTypes.h","58","New source review","Implementation/header/build body and connected runtime contract review","Module/interface/shared contracts","Section 3","0196448d6380e6bcdf145454f4445bb906c6cbe1a0a6d1d467fbd1da54a2b44b"
"Source/Project_JCore/Public/Optimization/Project_JObjectPoolTypes.h","37","New source review","Implementation/header/build body and connected runtime contract review","Module/interface/shared contracts","Section 3","84247560a139c00a9c8c0a342a0af80933c4d0b9b2ca96007eb8e72c33fc501e"
"Source/Project_JCore/Public/Optimization/Project_JRetryDelay.h","13","New source review","Implementation/header/build body and connected runtime contract review","Module/interface/shared contracts","Section 3","7067d1ee46c369c817a79fae13ce34c1ca915d08667019ea578abb0c6fd02ca2"
"Source/Project_JCore/Public/Optimization/Project_JTargetScoring.h","56","New source review","Implementation/header/build body and connected runtime contract review","NPC decision/action/navigation and scoring","R11;R12;Section 3","283acc65973eb1b42f9168f3e8b286aa9d2bffeb48d2bdd6460d2cb4ebf094f7"
"Source/Project_JCore/Public/Optimization/Project_JTargetSpatialSnapshot.h","38","New source review","Implementation/header/build body and connected runtime contract review","NPC decision/action/navigation and scoring","R11;R12;Section 3","1af1aee3193e707f09f4a5ce7f147c10e10d42e0a23a24c31f5d4308ec004d26"
"Source/Project_JCore/Public/Project_JCombatInterface.h","36","New source review","Implementation/header/build body and connected runtime contract review","Module/interface/shared contracts","Section 3","2e1276e5b14751810f70032fc47f3f0e5d3919004a410f829a95f2534189cbc8"
"Source/Project_JCore/Public/Project_JCore.h","13","New source review","Implementation/header/build body and connected runtime contract review","Module/interface/shared contracts","Section 3","279b9247dc5ae33c49c7b789ba4553ff2b122d22e226ebedb841642d3fc59383"
"Source/Project_JCore/Public/Project_JGameplayTags.h","51","New source review","Implementation/header/build body and connected runtime contract review","Module/interface/shared contracts","Section 3","a24e82732fad96c7306a54080596cabc9e2963fa729a855bf69f6e60849ef6fe"
"Source/Project_JCore/Public/Project_JMMOTypes.h","161","New source review","Implementation/header/build body and connected runtime contract review","Module/interface/shared contracts","Section 3","535dc2060b8da46c4e728af042affcc668a5f97a5f6aa9391d1a7a1ab69d1a7f"
"Source/Project_JCore/Public/Project_JSocialStateInterface.h","27","New source review","Implementation/header/build body and connected runtime contract review","Module/interface/shared contracts","Section 3","f2a537ce5268315194fb91f67d16e509006fd7ba46406c6dfef7e50531e81b01"
"Source/Project_JCore/Public/System/Project_JAssetManager.h","28","New source review","Implementation/header/build body and connected runtime contract review","Module/interface/shared contracts","Section 3","bdda2b24e7fb275021c1ac9503ef076592b155dd669ed4d4f134cf925de63e33"
"Source/Project_JCore/Public/System/Project_JGameDataSubsystem.h","31","New source review","Implementation/header/build body and connected runtime contract review","Module/interface/shared contracts","Section 3","e6261b201cfc2b3e81d4d09352cdd9e000d063742aa67a2a3c2a371e488cab8c"
"Source/Project_JCore/Public/System/Project_JMessageSubsystem.h","48","New source review","Implementation/header/build body and connected runtime contract review","Module/interface/shared contracts","Section 3","6d4ebaf8a7735f4d40f15cc0fdeb2958e5e08d16fa201437e43357340f49f216"
"Source/Project_JCore/Public/System/Project_JObjectPoolRegistrySubsystem.h","26","New source review","Implementation/header/build body and connected runtime contract review","Module/interface/shared contracts","Section 3","bd1cb4e48f595f968d0fabd445716bd086c0d4288a2da56f6d0a9f6479af9edc"
"Source/Project_JCore/Public/System/Project_JTargetScoringSubsystem.h","69","New source review","Implementation/header/build body and connected runtime contract review","NPC decision/action/navigation and scoring","R11;R12;Section 3","58c83384d4f74cff6a1eb57e4b77f3a281bc4e951252d274af0a2a59f2d11e05"
"Source/Project_JCore/Public/System/Project_JVisualAssetSubsystem.h","66","New source review","Implementation/header/build body and connected runtime contract review","Budgeting and visual lifetime","R12;Section 3","001832ad9554693a62f3310496d53d4a540b151c0625aedad4c6f6ad67de35eb"
"Source/Project_JEditor.Target.cs","15","New source review","Implementation/header/build body and connected runtime contract review","Module/interface/shared contracts","Section 3","c9cdb67f445ba2f6287f578c5fd86393a6ca40f13ac54338eadbcd390084083f"
"Source/Project_JGAS/Private/Project_JAbilitySystemComponent.cpp","238","Prior detailed area","Prior audit scope inherited; not re-read in full this pass","Module/interface/shared contracts","Prior Character Architecture Maturity Audit","8efa3b8a131ead5431b5d70c54a950e732d35074578d6423ed08986737d002f7"
"Source/Project_JGAS/Private/Project_JAttributeSet.cpp","99","New source review","Implementation/header/build body and connected runtime contract review","GAS resource invariants","R01","46f2cc35471ce63ea1a68eda10c1be78941919e49a5410aab9f13d4986778e50"
"Source/Project_JGAS/Private/Project_JGAS.cpp","15","New source review","Implementation/header/build body and connected runtime contract review","Module/interface/shared contracts","Section 3","4070bfcd583b7cd1b4dac504b2cf71edc1dce187cbfea93bca295b3551de79b9"
"Source/Project_JGAS/Private/Tests/Project_JAbilityTickLifecycleTests.cpp","47","New diagnostic/test review","Names/assertions/guards contract review; targeted fixture/lifecycle body review; not every test line","Module/interface/shared contracts","Section 3","ba57b40775c68c10ec4d1cfc4352fee9e75dd4f785e5b8638b9bf1c3da79bd26"
"Source/Project_JGAS/Private/Tests/Project_JTickingTaskFixture.h","19","New diagnostic/test review","Names/assertions/guards contract review; targeted fixture/lifecycle body review; not every test line","Module/interface/shared contracts","Section 3","d22a09b8d69e3c4635662eb0880367194ac47173d19bc5f631f6ebb53bb41533"
"Source/Project_JGAS/Project_JGAS.Build.cs","21","New source review","Implementation/header/build body and connected runtime contract review","Module/interface/shared contracts","Section 3","98691b4a4574c01fd2fad0892a22b2dbf47d8bc964ad82371360ccd5d0787b54"
"Source/Project_JGAS/Public/Project_JAbilitySystemComponent.h","44","Prior detailed area","Prior audit scope inherited; not re-read in full this pass","Module/interface/shared contracts","Prior Character Architecture Maturity Audit","8601626daedfec167a28a742187aa1690f39394a5ee25c526f1e8cdce5047bad"
"Source/Project_JGAS/Public/Project_JAbilitySystemOwnerInterface.h","35","Prior detailed area","Prior audit scope inherited; not re-read in full this pass","Module/interface/shared contracts","Prior Character Architecture Maturity Audit","3e4c18aaf5fc4c2578b284dcca8197e0e2bc6ca003300cbd19f063cc2c98a040"
"Source/Project_JGAS/Public/Project_JAttributeSet.h","79","New source review","Implementation/header/build body and connected runtime contract review","GAS resource invariants","R01","f042cb28ef3462f194e3eee67c664ee0dd04a6852ee0278f358518daea3e0325"
"Source/Project_JGAS/Public/Project_JGAS.h","11","New source review","Implementation/header/build body and connected runtime contract review","Module/interface/shared contracts","Section 3","7499d53feb6b61956e4094a0e55ec6956caf76297328e2ced50f55e3d5bb37e2"
"Source/Project_JGAS/Public/Project_JStatTypes.h","25","New source review","Implementation/header/build body and connected runtime contract review","Module/interface/shared contracts","Section 3","b0b3a4f4dd92e85062dc202a307cb5b47172923998983416f71bd2b0de79899e"
"Source/Project_JMMO/Private/Coordination.cpp","45","New source review","Implementation/header/build body and connected runtime contract review","MMO foundation","R06;Section 3","153f805225eae7d2c7e5b732cb0c820bfe2b465c45a475545c981cf0766980e7"
"Source/Project_JMMO/Private/FeatureCatalog.cpp","59","New source review","Implementation/header/build body and connected runtime contract review","MMO foundation","R06;Section 3","167f4cfc6b88776c4ca340891da003e09b0871ad23f8dcd0121af591edd9597f"
"Source/Project_JMMO/Private/FeatureCatalog.inl","206","New source review","Implementation/header/build body and connected runtime contract review","MMO foundation","R06;Section 3","2899849296aa9488b14090d2ed68e766595ec866be8dafaba9e3774151521062"
"Source/Project_JMMO/Private/Project_JMMO.cpp","2","New source review","Implementation/header/build body and connected runtime contract review","MMO foundation","R06;Section 3","e187f892a06bbbe8d599d5f5179fbe3470c630996144c285c095ceb500a5f52a"
"Source/Project_JMMO/Private/Repository.cpp","59","New source review","Implementation/header/build body and connected runtime contract review","MMO foundation","R06;Section 3","82337225d47028740f19494b56b7d37ee07d7075ff5fb23606fd9ff0a7eb91c0"
"Source/Project_JMMO/Private/Tests/FoundationTests.cpp","147","New diagnostic/test review","Names/assertions/guards contract review; targeted fixture/lifecycle body review; not every test line","MMO foundation","R06;Section 3","50a95a7285d9f0af2bd317b33e8d554d0587c4ca66fe352e46f3f37545d878f3"
"Source/Project_JMMO/Project_JMMO.Build.cs","11","New source review","Implementation/header/build body and connected runtime contract review","MMO foundation","R06;Section 3","00820904da06cfcec3077d8a419970cd1334bccdd93e97688756b1e3dd351bd8"
"Source/Project_JMMO/Public/MMO/Coordination.h","55","New source review","Implementation/header/build body and connected runtime contract review","MMO foundation","R06;Section 3","ddaba1a98cf234197e83386be68953cc843d13c234880a61718770c0e4be40f1"
"Source/Project_JMMO/Public/MMO/FeatureCatalog.h","30","New source review","Implementation/header/build body and connected runtime contract review","MMO foundation","R06;Section 3","02de41e49844ddf84ec7eba00af5a3ce8eab62f0e80717c2521b5f911025feaa"
"Source/Project_JMMO/Public/MMO/Repository.h","78","New source review","Implementation/header/build body and connected runtime contract review","MMO foundation","R06;Section 3","7377e3626140b8665a07c6bf09ef667ff5a4f94adb49879140d1723f4668e084"
"Source/Project_JMMO/Public/MMO/ServicePort.h","35","New source review","Implementation/header/build body and connected runtime contract review","MMO foundation","R06;Section 3","ce75131d1c306b43073d2acfac95d25141cbb2961b2f8c32c96ae600f69197a1"
"Source/Project_JMount/Private/Animation/Project_JAnimNotify_MountFlightCue.cpp","17","New source review","Implementation/header/build body and connected runtime contract review","Animation events and execution ownership","R04","ad29dcdc95b92c8f2b89157e57b4d178d7e2ffe7640c25bac5991102ba1cf553"
"Source/Project_JMount/Private/Animation/Project_JFlyingMountAnimInstance.cpp","23","New source review","Implementation/header/build body and connected runtime contract review","Flight state and animation","R03","d54743c89b63415db2b7c9fa7caeabada33456ead3af7d13e730e1508620d954"
"Source/Project_JMount/Private/Animation/Project_JMountAnimInstance.cpp","13","New source review","Implementation/header/build body and connected runtime contract review","Module/interface/shared contracts","Section 3","df20fae9c4ef266ed233c53de49d5c1beefce129e85bb3e8afa931cf714bed13"
"Source/Project_JMount/Private/Animation/Project_JRiderAnimationProfile.cpp","3","Prior detailed area","Prior audit scope inherited; not re-read in full this pass","Module/interface/shared contracts","Prior Character Architecture Maturity Audit","a893c365796e3847b85163e7bf29f9d0e133a7cc245503af5f330173c4a5e8be"
"Source/Project_JMount/Private/Mount/Project_JFlyingMountCharacter.cpp","516","New source review","Implementation/header/build body and connected runtime contract review","Flight state and animation","R03","b6c15decc261ea0bb945a152295ce260144254928570620664628b6bc5fbbcc9"
"Source/Project_JMount/Private/Mount/Project_JMountAttributeSet.cpp","79","New source review","Implementation/header/build body and connected runtime contract review","GAS resource invariants","R01","923f9977e2a2363c2443d3620166c0785c2f81364f684a972aac5e454809f386"
"Source/Project_JMount/Private/Mount/Project_JMountCharacter.cpp","366","Prior detailed area","Prior audit scope inherited; not re-read in full this pass","Module/interface/shared contracts","Prior Character Architecture Maturity Audit","174ea8b73d241e5bc2aeb51620e8e9ae186440613d86867113af07f9c3467476"
"Source/Project_JMount/Private/Mount/Project_JMountComponent.cpp","78","Prior detailed area","Prior audit scope inherited; not re-read in full this pass","Module/interface/shared contracts","Prior Character Architecture Maturity Audit","a961eebd6f8da70b1c63211feccd00a786102b6b41459158e3d70b7df96c5480"
"Source/Project_JMount/Private/Mount/Project_JMountTypes.cpp","25","New source review","Implementation/header/build body and connected runtime contract review","Module/interface/shared contracts","Section 3","f923f052a1369f899b9d5663f9efc5978fc9c05ac6dda03b6149f2450c4a8986"
"Source/Project_JMount/Private/Project_JMount.cpp","3","New source review","Implementation/header/build body and connected runtime contract review","Module/interface/shared contracts","Section 3","93fe16ce4f274160f4f249f84227564c3bc776cda7676baddfa4f262b7da15d0"
"Source/Project_JMount/Private/Tests/Project_JMountRefinementFixtures.h","49","New diagnostic/test review","Names/assertions/guards contract review; targeted fixture/lifecycle body review; not every test line","Module/interface/shared contracts","Section 3","6d7e4419fcb6b8f84e85c24e92e0dfb58393e811e55e9bf1d968a80bb5e3777f"
"Source/Project_JMount/Private/Tests/Project_JMountRefinementTests.cpp","185","New diagnostic/test review","Names/assertions/guards contract review; targeted fixture/lifecycle body review; not every test line","Module/interface/shared contracts","Section 3","63f9a17f97423d8e14c763c28e34eb6995b42a51bfced33c5986c4e42b04e08d"
"Source/Project_JMount/Project_JMount.Build.cs","10","New source review","Implementation/header/build body and connected runtime contract review","Module/interface/shared contracts","Section 3","88c81af2aacb4f12bbe034feb67ba68ae353e90bdaf0c032bda1b3cfd9ef8e23"
"Source/Project_JMount/Public/Animation/Project_JAnimNotify_MountFlightCue.h","21","New source review","Implementation/header/build body and connected runtime contract review","Animation events and execution ownership","R04","00e691e59309d909f0cc6f85d6f7adf2452f8554b3d28c693f60eb112e785dd8"
"Source/Project_JMount/Public/Animation/Project_JFlyingMountAnimInstance.h","15","New source review","Implementation/header/build body and connected runtime contract review","Flight state and animation","R03","7582cb6949c58e1527397ea99da0b5e803094f727c0f64f846ef83bd3b41da56"
"Source/Project_JMount/Public/Animation/Project_JMountAnimInstance.h","15","New source review","Implementation/header/build body and connected runtime contract review","Module/interface/shared contracts","Section 3","e7112e8b4c28510c6b517858f8d1fe2f65856b31f29b8dafc6b8f47f79188002"
"Source/Project_JMount/Public/Animation/Project_JRiderAnimationProfile.h","45","Prior detailed area","Prior audit scope inherited; not re-read in full this pass","Module/interface/shared contracts","Prior Character Architecture Maturity Audit","1a402cde46ac3f094cfc8fa9e033b188743379587dc858ba0c24510aa1f135e5"
"Source/Project_JMount/Public/Mount/Project_JFlyingMountCharacter.h","109","New source review","Implementation/header/build body and connected runtime contract review","Flight state and animation","R03","f64412db1cc8cb06759fa951b83b2dcb9e9499930ce5d889a5ce16fbb187c55b"
"Source/Project_JMount/Public/Mount/Project_JMountAttributeSet.h","24","New source review","Implementation/header/build body and connected runtime contract review","GAS resource invariants","R01","6ed018d4f2d9aeba59cf20c9517cd3cf0ae7d9aea8d4a3899c640fb2105224ba"
"Source/Project_JMount/Public/Mount/Project_JMountCharacter.h","162","Prior detailed area","Prior audit scope inherited; not re-read in full this pass","Module/interface/shared contracts","Prior Character Architecture Maturity Audit","74549ec5d47a143b3883ff36ffa3911d1a5d45535023ccc3e7898ed77ebe0410"
"Source/Project_JMount/Public/Mount/Project_JMountComponent.h","54","Prior detailed area","Prior audit scope inherited; not re-read in full this pass","Module/interface/shared contracts","Prior Character Architecture Maturity Audit","58a4cd1e1bd96caca7b2b22545bf065ee2b28c0a8382daf7469125d00eff50f6"
"Source/Project_JMount/Public/Mount/Project_JMountTypes.h","57","New source review","Implementation/header/build body and connected runtime contract review","Module/interface/shared contracts","Section 3","759ab543e5b46d0a495a5ba844016af35b90f37e420584334da197e01ef4efa0"
"Source/Project_JServer.Target.cs","15","New source review","Implementation/header/build body and connected runtime contract review","Module/interface/shared contracts","Section 3","c455783c1a54d2dfba33cbb56a1c6550666262022fd5ea6fbfe515b05d5727ae"
